日期,股票代碼,類別,數值,原始名稱
1998-12-31,2454,CostOfGoodsSold,1310071000,營業成本
1998-12-31,2454,GrossProfit,1492466000,營業毛利
1998-12-31,2454,AdjustmentItem,0,調整項目
1998-12-31,2454,OperatingExpenses,548947000,營業費用
1998-12-31,2454,OperatingIncome,943519000,營業利益
1998-12-31,2454,TotalNonbusinessIncome,64395000,營業外收入
1998-12-31,2454,TotalnonbusinessExpenditure,29167000,營業外支出
1998-12-31,2454,PreTaxIncome,978747000,稅前純益
1998-12-31,2454,TAX,28821000,所得稅(利益)
1998-12-31,2454,IncomeLossFromDiscontinuedOperation,0,停業部門損益
1998-12-31,2454,ExtraordinaryItems,0,非常損益
1998-12-31,2454,CumulativeEffectOfChanges,0,累積影響數
1998-12-31,2454,IncomeAfterTax,949926000,稅後純益
1998-12-31,2454,EPS,15.28,每股稅後盈餘(元)
1999-12-31,2454,CostOfGoodsSold,3236023000,營業成本
1999-12-31,2454,GrossProfit,2422862000,營業毛利
1999-12-31,2454,AdjustmentItem,0,調整項目
1999-12-31,2454,OperatingExpenses,739948000,營業費用
1999-12-31,2454,OperatingIncome,1682914000,營業利益
1999-12-31,2454,TotalNonbusinessIncome,121309000,營業外收入
1999-12-31,2454,TotalnonbusinessExpenditure,27301000,營業外支出
1999-12-31,2454,PreTaxIncome,1776922000,稅前純益
1999-12-31,2454,TAX,131068000,所得稅(利益)
1999-12-31,2454,IncomeLossFromDiscontinuedOperation,0,停業部門損益
1999-12-31,2454,ExtraordinaryItems,0,非常損益
1999-12-31,2454,CumulativeEffectOfChanges,0,累積影響數
1999-12-31,2454,IncomeAfterTax,1645854000,稅後純益
1999-12-31,2454,EPS,14.6,每股稅後盈餘(元)
2000-12-31,2454,CostOfGoodsSold,7498313000,營業成本
2000-12-31,2454,GrossProfit,5363389000,營業毛利
2000-12-31,2454,AdjustmentItem,0,調整項目
2000-12-31,2454,OperatingExpenses,1706805000,營業費用
2000-12-31,2454,OperatingIncome,3656584000,營業利益
2000-12-31,2454,TotalNonbusinessIncome,331652000,營業外收入
2000-12-31,2454,TotalnonbusinessExpenditure,493024000,營業外支出
2000-12-31,2454,PreTaxIncome,3495212000,稅前純益
2000-12-31,2454,TAX,168669000,所得稅(利益)
2000-12-31,2454,IncomeLossFromDiscontinuedOperation,0,停業部門損益
2000-12-31,2454,ExtraordinaryItems,0,非常損益
2000-12-31,2454,CumulativeEffectOfChanges,0,累積影響數
2000-12-31,2454,IncomeAfterTax,3326543000,稅後純益
2000-12-31,2454,EPS,15.34,每股稅後盈餘(元)
2001-03-31,2454,CostOfGoodsSold,1213170000,營業成本
2001-03-31,2454,GrossProfit,1042823000,營業毛利
2001-03-31,2454,AdjustmentItem,0,調整項目
2001-03-31,2454,OperatingExpenses,347903000,營業費用
2001-03-31,2454,OperatingIncome,694920000,營業利益
2001-03-31,2454,TotalNonbusinessIncome,65942000,營業外收入
2001-03-31,2454,TotalnonbusinessExpenditure,4848000,營業外支出
2001-03-31,2454,PreTaxIncome,756014000,稅前純益
2001-03-31,2454,TAX,9942000,所得稅(利益)
2001-03-31,2454,IncomeLossFromDiscontinuedOperation,0,停業部門損益
2001-03-31,2454,ExtraordinaryItems,0,非常損益
2001-03-31,2454,CumulativeEffectOfChanges,0,累積影響數
2001-03-31,2454,IncomeAfterTax,746072000,稅後純益
2001-03-31,2454,EPS,3.44,每股稅後盈餘(元)
2001-06-30,2454,CostOfGoodsSold,1528066000,營業成本
2001-06-30,2454,GrossProfit,1455209000,營業毛利
2001-06-30,2454,AdjustmentItem,0,調整項目
2001-06-30,2454,OperatingExpenses,332363000,營業費用
2001-06-30,2454,OperatingIncome,1122846000,營業利益
2001-06-30,2454,TotalNonbusinessIncome,352754000,營業外收入
2001-06-30,2454,TotalnonbusinessExpenditure,-4170000,營業外支出
2001-06-30,2454,PreTaxIncome,1479770000,稅前純益
2001-06-30,2454,TAX,110058000,所得稅(利益)
2001-06-30,2454,IncomeLossFromDiscontinuedOperation,0,停業部門損益
2001-06-30,2454,ExtraordinaryItems,0,非常損益
2001-06-30,2454,CumulativeEffectOfChanges,0,累積影響數
2001-06-30,2454,IncomeAfterTax,1369712000,稅後純益
2001-06-30,2454,EPS,6.32,每股稅後盈餘(元)
2001-09-30,2454,CostOfGoodsSold,1887473000,營業成本
2001-09-30,2454,GrossProfit,2219040000,營業毛利
2001-09-30,2454,AdjustmentItem,0,調整項目
2001-09-30,2454,OperatingExpenses,524990000,營業費用
2001-09-30,2454,OperatingIncome,1694050000,營業利益
2001-09-30,2454,TotalNonbusinessIncome,269301000,營業外收入
2001-09-30,2454,TotalnonbusinessExpenditure,62000,營業外支出
2001-09-30,2454,PreTaxIncome,1963289000,稅前純益
2001-09-30,2454,TAX,74000000,所得稅(利益)
2001-09-30,2454,IncomeLossFromDiscontinuedOperation,0,停業部門損益
2001-09-30,2454,ExtraordinaryItems,0,非常損益
2001-09-30,2454,CumulativeEffectOfChanges,0,累積影響數
2001-09-30,2454,IncomeAfterTax,1889289000,稅後純益
2001-09-30,2454,EPS,2.91,每股稅後盈餘(元)
2001-12-31,2454,CostOfGoodsSold,2845038000,營業成本
2001-12-31,2454,GrossProfit,3184531000,營業毛利
2001-12-31,2454,AdjustmentItem,0,調整項目
2001-12-31,2454,OperatingExpenses,753983000,營業費用
2001-12-31,2454,OperatingIncome,2430548000,營業利益
2001-12-31,2454,TotalNonbusinessIncome,349726000,營業外收入
2001-12-31,2454,TotalnonbusinessExpenditure,1188000,營業外支出
2001-12-31,2454,PreTaxIncome,2779086000,稅前純益
2001-12-31,2454,TAX,81125000,所得稅(利益)
2001-12-31,2454,IncomeLossFromDiscontinuedOperation,0,停業部門損益
2001-12-31,2454,ExtraordinaryItems,0,非常損益
2001-12-31,2454,CumulativeEffectOfChanges,0,累積影響數
2001-12-31,2454,IncomeAfterTax,2697961000,稅後純益
2001-12-31,2454,EPS,8.54,每股稅後盈餘(元)
2002-03-31,2454,CostOfGoodsSold,3223453000,營業成本
2002-03-31,2454,GrossProfit,3735671000,營業毛利
2002-03-31,2454,AdjustmentItem,0,調整項目
2002-03-31,2454,OperatingExpenses,369987000,營業費用
2002-03-31,2454,OperatingIncome,3365684000,營業利益
2002-03-31,2454,TotalNonbusinessIncome,87598000,營業外收入
2002-03-31,2454,TotalnonbusinessExpenditure,18903000,營業外支出
2002-03-31,2454,PreTaxIncome,3434379000,稅前純益
2002-03-31,2454,TAX,151274000,所得稅(利益)
2002-03-31,2454,IncomeLossFromDiscontinuedOperation,0,停業部門損益
2002-03-31,2454,ExtraordinaryItems,0,非常損益
2002-03-31,2454,CumulativeEffectOfChanges,0,累積影響數
2002-03-31,2454,IncomeAfterTax,3283105000,稅後純益
2002-03-31,2454,EPS,10.48,每股稅後盈餘(元)
2002-06-30,2454,CostOfGoodsSold,3383962000,營業成本
2002-06-30,2454,GrossProfit,3402861000,營業毛利
2002-06-30,2454,AdjustmentItem,0,調整項目
2002-06-30,2454,OperatingExpenses,423404000,營業費用
2002-06-30,2454,OperatingIncome,2979457000,營業利益
2002-06-30,2454,TotalNonbusinessIncome,75323000,營業外收入
2002-06-30,2454,TotalnonbusinessExpenditure,89718000,營業外支出
2002-06-30,2454,PreTaxIncome,2965062000,稅前純益
2002-06-30,2454,TAX,368201000,所得稅(利益)
2002-06-30,2454,IncomeLossFromDiscontinuedOperation,0,停業部門損益
2002-06-30,2454,ExtraordinaryItems,0,非常損益
2002-06-30,2454,CumulativeEffectOfChanges,0,累積影響數
2002-06-30,2454,IncomeAfterTax,2596861000,稅後純益
2002-06-30,2454,EPS,8.29,每股稅後盈餘(元)
2002-09-30,2454,CostOfGoodsSold,3699252000,營業成本
2002-09-30,2454,GrossProfit,3050701000,營業毛利
2002-09-30,2454,AdjustmentItem,0,調整項目
2002-09-30,2454,OperatingExpenses,519593000,營業費用
2002-09-30,2454,OperatingIncome,2531108000,營業利益
2002-09-30,2454,TotalNonbusinessIncome,66669000,營業外收入
2002-09-30,2454,TotalnonbusinessExpenditure,-41668000,營業外支出
2002-09-30,2454,PreTaxIncome,2639445000,稅前純益
2002-09-30,2454,TAX,15405000,所得稅(利益)
2002-09-30,2454,IncomeLossFromDiscontinuedOperation,0,停業部門損益
2002-09-30,2454,ExtraordinaryItems,0,非常損益
2002-09-30,2454,CumulativeEffectOfChanges,0,累積影響數
2002-09-30,2454,IncomeAfterTax,2624040000,稅後純益
2002-09-30,2454,EPS,-0.15,每股稅後盈餘(元)
2002-12-31,2454,CostOfGoodsSold,4534252000,營業成本
2002-12-31,2454,GrossProfit,4482997000,營業毛利
2002-12-31,2454,AdjustmentItem,0,調整項目
2002-12-31,2454,OperatingExpenses,635909000,營業費用
2002-12-31,2454,OperatingIncome,3847088000,營業利益
2002-12-31,2454,TotalNonbusinessIncome,78289000,營業外收入
2002-12-31,2454,TotalnonbusinessExpenditure,136223000,營業外支出
2002-12-31,2454,PreTaxIncome,3789154000,稅前純益
2002-12-31,2454,TAX,59721000,所得稅(利益)
2002-12-31,2454,IncomeLossFromDiscontinuedOperation,0,停業部門損益
2002-12-31,2454,ExtraordinaryItems,0,非常損益
2002-12-31,2454,CumulativeEffectOfChanges,0,累積影響數
2002-12-31,2454,IncomeAfterTax,3729433000,稅後純益
2002-12-31,2454,EPS,8.17,每股稅後盈餘(元)
2003-03-31,2454,CostOfGoodsSold,4215069000,營業成本
2003-03-31,2454,GrossProfit,4381782000,營業毛利
2003-03-31,2454,AdjustmentItem,0,調整項目
2003-03-31,2454,OperatingExpenses,514045000,營業費用
2003-03-31,2454,OperatingIncome,3867737000,營業利益
2003-03-31,2454,TotalNonbusinessIncome,88041000,營業外收入
2003-03-31,2454,TotalnonbusinessExpenditure,20443000,營業外支出
2003-03-31,2454,PreTaxIncome,3935335000,稅前純益
2003-03-31,2454,TAX,133553000,所得稅(利益)
2003-03-31,2454,IncomeLossFromDiscontinuedOperation,0,停業部門損益
2003-03-31,2454,ExtraordinaryItems,0,非常損益
2003-03-31,2454,CumulativeEffectOfChanges,0,累積影響數
2003-03-31,2454,IncomeAfterTax,3801782000,稅後純益
2003-03-31,2454,EPS,8.32,每股稅後盈餘(元)
2003-06-30,2454,CostOfGoodsSold,3836210000,營業成本
2003-06-30,2454,GrossProfit,4133755000,營業毛利
2003-06-30,2454,AdjustmentItem,0,調整項目
2003-06-30,2454,OperatingExpenses,2072175000,營業費用
2003-06-30,2454,OperatingIncome,2061580000,營業利益
2003-06-30,2454,TotalNonbusinessIncome,1665170000,營業外收入
2003-06-30,2454,TotalnonbusinessExpenditure,41354000,營業外支出
2003-06-30,2454,PreTaxIncome,3685396000,稅前純益
2003-06-30,2454,TAX,390162000,所得稅(利益)
2003-06-30,2454,IncomeLossFromDiscontinuedOperation,0,停業部門損益
2003-06-30,2454,ExtraordinaryItems,0,非常損益
2003-06-30,2454,CumulativeEffectOfChanges,0,累積影響數
2003-06-30,2454,IncomeAfterTax,3295234000,稅後純益
2003-06-30,2454,EPS,7.22,每股稅後盈餘(元)
2003-09-30,2454,CostOfGoodsSold,5151149000,營業成本
2003-09-30,2454,GrossProfit,5437303000,營業毛利
2003-09-30,2454,AdjustmentItem,0,調整項目
2003-09-30,2454,OperatingExpenses,803570000,營業費用
2003-09-30,2454,OperatingIncome,4633733000,營業利益
2003-09-30,2454,TotalNonbusinessIncome,92298000,營業外收入
2003-09-30,2454,TotalnonbusinessExpenditure,84367000,營業外支出
2003-09-30,2454,PreTaxIncome,4641664000,稅前純益
2003-09-30,2454,TAX,110765000,所得稅(利益)
2003-09-30,2454,IncomeLossFromDiscontinuedOperation,0,停業部門損益
2003-09-30,2454,ExtraordinaryItems,0,非常損益
2003-09-30,2454,CumulativeEffectOfChanges,0,累積影響數
2003-09-30,2454,IncomeAfterTax,4530899000,稅後純益
2003-09-30,2454,EPS,2.73,每股稅後盈餘(元)
2003-12-31,2454,CostOfGoodsSold,5207018000,營業成本
2003-12-31,2454,GrossProfit,5702133000,營業毛利
2003-12-31,2454,AdjustmentItem,0,調整項目
2003-12-31,2454,OperatingExpenses,1184403000,營業費用
2003-12-31,2454,OperatingIncome,4517730000,營業利益
2003-12-31,2454,TotalNonbusinessIncome,58349000,營業外收入
2003-12-31,2454,TotalnonbusinessExpenditure,229430000,營業外支出
2003-12-31,2454,PreTaxIncome,4346649000,稅前純益
2003-12-31,2454,TAX,-547525000,所得稅(利益)
2003-12-31,2454,IncomeLossFromDiscontinuedOperation,0,停業部門損益
2003-12-31,2454,ExtraordinaryItems,0,非常損益
2003-12-31,2454,CumulativeEffectOfChanges,0,累積影響數
2003-12-31,2454,IncomeAfterTax,4894174000,稅後純益
2003-12-31,2454,EPS,7.69,每股稅後盈餘(元)
2004-03-31,2454,CostOfGoodsSold,4654806000,營業成本
2004-03-31,2454,GrossProfit,4916671000,營業毛利
2004-03-31,2454,AdjustmentItem,0,調整項目
2004-03-31,2454,OperatingExpenses,864682000,營業費用
2004-03-31,2454,OperatingIncome,4051989000,營業利益
2004-03-31,2454,TotalNonbusinessIncome,122530000,營業外收入
2004-03-31,2454,TotalnonbusinessExpenditure,68921000,營業外支出
2004-03-31,2454,PreTaxIncome,4105598000,稅前純益
2004-03-31,2454,TAX,-84540000,所得稅(利益)
2004-03-31,2454,IncomeLossFromDiscontinuedOperation,0,停業部門損益
2004-03-31,2454,ExtraordinaryItems,0,非常損益
2004-03-31,2454,CumulativeEffectOfChanges,0,累積影響數
2004-03-31,2454,IncomeAfterTax,4190138000,稅後純益
2004-03-31,2454,EPS,6.58,每股稅後盈餘(元)
2004-06-30,2454,CostOfGoodsSold,5036832000,營業成本
2004-06-30,2454,GrossProfit,4628591000,營業毛利
2004-06-30,2454,AdjustmentItem,0,調整項目
2004-06-30,2454,OperatingExpenses,1046961000,營業費用
2004-06-30,2454,OperatingIncome,3581630000,營業利益
2004-06-30,2454,TotalNonbusinessIncome,100051000,營業外收入
2004-06-30,2454,TotalnonbusinessExpenditure,52640000,營業外支出
2004-06-30,2454,PreTaxIncome,3629041000,稅前純益
2004-06-30,2454,TAX,399370000,所得稅(利益)
2004-06-30,2454,IncomeLossFromDiscontinuedOperation,0,停業部門損益
2004-06-30,2454,ExtraordinaryItems,0,非常損益
2004-06-30,2454,CumulativeEffectOfChanges,0,累積影響數
2004-06-30,2454,IncomeAfterTax,3229671000,稅後純益
2004-06-30,2454,EPS,5.09,每股稅後盈餘(元)
2004-09-30,2454,CostOfGoodsSold,5386013000,營業成本
2004-09-30,2454,GrossProfit,5800357000,營業毛利
2004-09-30,2454,AdjustmentItem,0,調整項目
2004-09-30,2454,OperatingExpenses,1373438000,營業費用
2004-09-30,2454,OperatingIncome,4426919000,營業利益
2004-09-30,2454,TotalNonbusinessIncome,13299000,營業外收入
2004-09-30,2454,TotalnonbusinessExpenditure,351025000,營業外支出
2004-09-30,2454,PreTaxIncome,4089193000,稅前純益
2004-09-30,2454,TAX,-138093000,所得稅(利益)
2004-09-30,2454,IncomeLossFromDiscontinuedOperation,0,停業部門損益
2004-09-30,2454,ExtraordinaryItems,0,非常損益
2004-09-30,2454,CumulativeEffectOfChanges,0,累積影響數
2004-09-30,2454,IncomeAfterTax,4227286000,稅後純益
2004-09-30,2454,EPS,3.55,每股稅後盈餘(元)
2004-12-31,2454,CostOfGoodsSold,5361203000,營業成本
2004-12-31,2454,GrossProfit,4269829000,營業毛利
2004-12-31,2454,AdjustmentItem,0,調整項目
2004-12-31,2454,OperatingExpenses,1578776000,營業費用
2004-12-31,2454,OperatingIncome,2691053000,營業利益
2004-12-31,2454,TotalNonbusinessIncome,8751000,營業外收入
2004-12-31,2454,TotalnonbusinessExpenditure,182359000,營業外支出
2004-12-31,2454,PreTaxIncome,2517445000,稅前純益
2004-12-31,2454,TAX,-158445000,所得稅(利益)
2004-12-31,2454,IncomeLossFromDiscontinuedOperation,0,停業部門損益
2004-12-31,2454,ExtraordinaryItems,0,非常損益
2004-12-31,2454,CumulativeEffectOfChanges,0,累積影響數
2004-12-31,2454,IncomeAfterTax,2675890000,稅後純益
2004-12-31,2454,EPS,3.51,每股稅後盈餘(元)
2005-03-31,2454,CostOfGoodsSold,4808269000,營業成本
2005-03-31,2454,GrossProfit,4210530000,營業毛利
2005-03-31,2454,AdjustmentItem,0,調整項目
2005-03-31,2454,OperatingExpenses,1441211000,營業費用
2005-03-31,2454,OperatingIncome,2769319000,營業利益
2005-03-31,2454,TotalNonbusinessIncome,187796000,營業外收入
2005-03-31,2454,TotalnonbusinessExpenditure,34236000,營業外支出
2005-03-31,2454,PreTaxIncome,2922879000,稅前純益
2005-03-31,2454,TAX,82892000,所得稅(利益)
2005-03-31,2454,IncomeLossFromDiscontinuedOperation,0,停業部門損益
2005-03-31,2454,ExtraordinaryItems,0,非常損益
2005-03-31,2454,CumulativeEffectOfChanges,0,累積影響數
2005-03-31,2454,IncomeAfterTax,2839987000,稅後純益
2005-03-31,2454,EPS,3.72,每股稅後盈餘(元)
2005-06-30,2454,CostOfGoodsSold,4541714000,營業成本
2005-06-30,2454,GrossProfit,5428590000,營業毛利
2005-06-30,2454,AdjustmentItem,0,調整項目
2005-06-30,2454,OperatingExpenses,1409200000,營業費用
2005-06-30,2454,OperatingIncome,4019390000,營業利益
2005-06-30,2454,TotalNonbusinessIncome,221596000,營業外收入
2005-06-30,2454,TotalnonbusinessExpenditure,25449000,營業外支出
2005-06-30,2454,PreTaxIncome,4215537000,稅前純益
2005-06-30,2454,TAX,49410000,所得稅(利益)
2005-06-30,2454,IncomeLossFromDiscontinuedOperation,0,停業部門損益
2005-06-30,2454,ExtraordinaryItems,0,非常損益
2005-06-30,2454,CumulativeEffectOfChanges,0,累積影響數
2005-06-30,2454,IncomeAfterTax,4166127000,稅後純益
2005-06-30,2454,EPS,5.46,每股稅後盈餘(元)
2005-09-30,2454,CostOfGoodsSold,5657920000,營業成本
2005-09-30,2454,GrossProfit,7108795000,營業毛利
2005-09-30,2454,AdjustmentItem,0,調整項目
2005-09-30,2454,OperatingExpenses,1455332000,營業費用
2005-09-30,2454,OperatingIncome,5653463000,營業利益
2005-09-30,2454,TotalNonbusinessIncome,141204000,營業外收入
2005-09-30,2454,TotalnonbusinessExpenditure,-47094000,營業外支出
2005-09-30,2454,PreTaxIncome,5841761000,稅前純益
2005-09-30,2454,TAX,-119855000,所得稅(利益)
2005-09-30,2454,IncomeLossFromDiscontinuedOperation,0,停業部門損益
2005-09-30,2454,ExtraordinaryItems,0,非常損益
2005-09-30,2454,CumulativeEffectOfChanges,0,累積影響數
2005-09-30,2454,IncomeAfterTax,5961616000,稅後純益
2005-09-30,2454,EPS,5.94,每股稅後盈餘(元)
2005-12-31,2454,CostOfGoodsSold,6099522000,營業成本
2005-12-31,2454,GrossProfit,8635869000,營業毛利
2005-12-31,2454,AdjustmentItem,0,調整項目
2005-12-31,2454,OperatingExpenses,3823430000,營業費用
2005-12-31,2454,OperatingIncome,4812439000,營業利益
2005-12-31,2454,TotalNonbusinessIncome,631009000,營業外收入
2005-12-31,2454,TotalnonbusinessExpenditure,24766000,營業外支出
2005-12-31,2454,PreTaxIncome,5418682000,稅前純益
2005-12-31,2454,TAX,112779000,所得稅(利益)
2005-12-31,2454,IncomeLossFromDiscontinuedOperation,0,停業部門損益
2005-12-31,2454,ExtraordinaryItems,0,非常損益
2005-12-31,2454,CumulativeEffectOfChanges,0,累積影響數
2005-12-31,2454,IncomeAfterTax,5305903000,稅後純益
2005-12-31,2454,EPS,6.19,每股稅後盈餘(元)
2006-03-31,2454,Revenue,11094054000,營業收入
2006-03-31,2454,CostOfGoodsSold,4606758000,營業成本
2006-03-31,2454,GrossProfit,6487296000,營業毛利(毛損)
2006-03-31,2454,UnrealizedGainFromInterAffiliateAccounts,0,聯屬公司間未實現利益
2006-03-31,2454,RealizedGainFromInterAffiliateAccounts,0,聯屬公司間已實現利益
2006-03-31,2454,OperatingExpenses,1392628000,營業費用
2006-03-31,2454,OperatingIncome,5094668000,營業淨利(淨損)
2006-03-31,2454,TotalNonbusinessIncome,249012000,營業外收入及利益
2006-03-31,2454,TotalnonbusinessExpenditure,312901000,營業外費用及損失
2006-03-31,2454,IncomeBeforeTaxFromContinuingOperations,5030779000,繼續營業單位稅前淨利(淨損)
2006-03-31,2454,TAX,-111171000,所得稅(費用)利益
2006-03-31,2454,IncomeFromContinuingOperations,5141950000,繼續營業單位淨利(淨損)
2006-03-31,2454,IncomeLossFromDiscontinuedOperation,0,停業單位損益
2006-03-31,2454,ExtraordinaryItems,0,非常損益
2006-03-31,2454,CumulativeEffectOfChangesInAccountingPrinciple,7638000,會計原則變動累積影響數
2006-03-31,2454,-,0,合併前非屬共同控制股權損益
2006-03-31,2454,NetIncome,5149588000,本期淨利(淨損)
2006-03-31,2454,EPS,6.01,基本每股盈餘
2006-06-30,2454,Revenue,11750881000,營業收入
2006-06-30,2454,CostOfGoodsSold,4961290000,營業成本
2006-06-30,2454,GrossProfit,6789591000,營業毛利(毛損)
2006-06-30,2454,UnrealizedGainFromInterAffiliateAccounts,0,聯屬公司間未實現利益
2006-06-30,2454,RealizedGainFromInterAffiliateAccounts,0,聯屬公司間已實現利益
2006-06-30,2454,OperatingExpenses,1484266000,營業費用
2006-06-30,2454,OperatingIncome,5305325000,營業淨利(淨損)
2006-06-30,2454,TotalNonbusinessIncome,238759000,營業外收入及利益
2006-06-30,2454,TotalnonbusinessExpenditure,-13700000,營業外費用及損失
2006-06-30,2454,IncomeBeforeTaxFromContinuingOperations,5557784000,繼續營業單位稅前淨利(淨損)
2006-06-30,2454,TAX,1314485000,所得稅(費用)利益
2006-06-30,2454,IncomeFromContinuingOperations,4243299000,繼續營業單位淨利(淨損)
2006-06-30,2454,IncomeLossFromDiscontinuedOperation,0,停業單位損益
2006-06-30,2454,ExtraordinaryItems,0,非常損益
2006-06-30,2454,CumulativeEffectOfChangesInAccountingPrinciple,0,會計原則變動累積影響數
2006-06-30,2454,-,0,合併前非屬共同控制股權損益
2006-06-30,2454,NetIncome,4243299000,本期淨利(淨損)
2006-06-30,2454,EPS,4.95,基本每股盈餘
2006-09-30,2454,Revenue,15046700000,營業收入
2006-09-30,2454,CostOfGoodsSold,6334065000,營業成本
2006-09-30,2454,GrossProfit,8712635000,營業毛利(毛損)
2006-09-30,2454,UnrealizedGainFromInterAffiliateAccounts,0,聯屬公司間未實現利益
2006-09-30,2454,RealizedGainFromInterAffiliateAccounts,0,聯屬公司間已實現利益
2006-09-30,2454,OperatingExpenses,1897806000,營業費用
2006-09-30,2454,OperatingIncome,6814829000,營業淨利(淨損)
2006-09-30,2454,TotalNonbusinessIncome,193182000,營業外收入及利益
2006-09-30,2454,TotalnonbusinessExpenditure,-48863000,營業外費用及損失
2006-09-30,2454,IncomeBeforeTaxFromContinuingOperations,7056874000,繼續營業單位稅前淨利(淨損)
2006-09-30,2454,TAX,559848000,所得稅(費用)利益
2006-09-30,2454,IncomeFromContinuingOperations,6497026000,繼續營業單位淨利(淨損)
2006-09-30,2454,IncomeLossFromDiscontinuedOperation,0,停業單位損益
2006-09-30,2454,ExtraordinaryItems,0,非常損益
2006-09-30,2454,CumulativeEffectOfChangesInAccountingPrinciple,0,會計原則變動累積影響數
2006-09-30,2454,-,0,合併前非屬共同控制股權損益
2006-09-30,2454,NetIncome,6497026000,本期淨利(淨損)
2006-09-30,2454,EPS,5.57,基本每股盈餘
2006-12-31,2454,Revenue,15049970000,營業收入
2006-12-31,2454,CostOfGoodsSold,6385274000,營業成本
2006-12-31,2454,GrossProfit,8664696000,營業毛利(毛損)
2006-12-31,2454,UnrealizedGainFromInterAffiliateAccounts,0,聯屬公司間未實現利益
2006-12-31,2454,RealizedGainFromInterAffiliateAccounts,0,聯屬公司間已實現利益
2006-12-31,2454,OperatingExpenses,2063949000,營業費用
2006-12-31,2454,OperatingIncome,6600747000,營業淨利(淨損)
2006-12-31,2454,TotalNonbusinessIncome,210707000,營業外收入及利益
2006-12-31,2454,TotalnonbusinessExpenditure,90705000,營業外費用及損失
2006-12-31,2454,IncomeBeforeTaxFromContinuingOperations,6720749000,繼續營業單位稅前淨利(淨損)
2006-12-31,2454,TAX,31080000,所得稅(費用)利益
2006-12-31,2454,IncomeFromContinuingOperations,6689669000,繼續營業單位淨利(淨損)
2006-12-31,2454,IncomeLossFromDiscontinuedOperation,0,停業單位損益
2006-12-31,2454,ExtraordinaryItems,0,非常損益
2006-12-31,2454,CumulativeEffectOfChangesInAccountingPrinciple,0,會計原則變動累積影響數
2006-12-31,2454,-,0,合併前非屬共同控制股權損益
2006-12-31,2454,NetIncome,6689669000,本期淨利(淨損)
2006-12-31,2454,EPS,6.97,基本每股盈餘
2007-03-31,2454,Revenue,14896969000,營業收入
2007-03-31,2454,CostOfGoodsSold,6368349000,營業成本
2007-03-31,2454,GrossProfit,8528620000,營業毛利(毛損)
2007-03-31,2454,UnrealizedGainFromInterAffiliateAccounts,0,聯屬公司間未實現利益
2007-03-31,2454,RealizedGainFromInterAffiliateAccounts,0,聯屬公司間已實現利益
2007-03-31,2454,OperatingExpenses,2083991000,營業費用
2007-03-31,2454,OperatingIncome,6444629000,營業淨利(淨損)
2007-03-31,2454,TotalNonbusinessIncome,1377490000,營業外收入及利益
2007-03-31,2454,TotalnonbusinessExpenditure,30367000,營業外費用及損失
2007-03-31,2454,IncomeBeforeTaxFromContinuingOperations,7791752000,繼續營業單位稅前淨利(淨損)
2007-03-31,2454,TAX,-41099000,所得稅(費用)利益
2007-03-31,2454,IncomeFromContinuingOperations,7832851000,繼續營業單位淨利(淨損)
2007-03-31,2454,IncomeLossFromDiscontinuedOperation,0,停業單位損益
2007-03-31,2454,ExtraordinaryItems,0,非常損益
2007-03-31,2454,CumulativeEffectOfChangesInAccountingPrinciple,0,會計原則變動累積影響數
2007-03-31,2454,-,0,合併前非屬共同控制股權損益
2007-03-31,2454,NetIncome,7832851000,本期淨利(淨損)
2007-03-31,2454,EPS,8.15,基本每股盈餘
2007-06-30,2454,Revenue,17653322000,營業收入
2007-06-30,2454,CostOfGoodsSold,7741559000,營業成本
2007-06-30,2454,GrossProfit,9911763000,營業毛利(毛損)
2007-06-30,2454,UnrealizedGainFromInterAffiliateAccounts,0,聯屬公司間未實現利益
2007-06-30,2454,RealizedGainFromInterAffiliateAccounts,0,聯屬公司間已實現利益
2007-06-30,2454,OperatingExpenses,2459172000,營業費用
2007-06-30,2454,OperatingIncome,7452591000,營業淨利(淨損)
2007-06-30,2454,TotalNonbusinessIncome,699308000,營業外收入及利益
2007-06-30,2454,TotalnonbusinessExpenditure,-25634000,營業外費用及損失
2007-06-30,2454,IncomeBeforeTaxFromContinuingOperations,8177533000,繼續營業單位稅前淨利(淨損)
2007-06-30,2454,TAX,580988000,所得稅(費用)利益
2007-06-30,2454,IncomeFromContinuingOperations,7596545000,繼續營業單位淨利(淨損)
2007-06-30,2454,IncomeLossFromDiscontinuedOperation,0,停業單位損益
2007-06-30,2454,ExtraordinaryItems,0,非常損益
2007-06-30,2454,CumulativeEffectOfChangesInAccountingPrinciple,0,會計原則變動累積影響數
2007-06-30,2454,-,0,合併前非屬共同控制股權損益
2007-06-30,2454,NetIncome,7596545000,本期淨利(淨損)
2007-06-30,2454,EPS,7.91,基本每股盈餘
2007-09-30,2454,Revenue,24432762000,營業收入
2007-09-30,2454,CostOfGoodsSold,10382495000,營業成本
2007-09-30,2454,GrossProfit,14050267000,營業毛利(毛損)
2007-09-30,2454,UnrealizedGainFromInterAffiliateAccounts,0,聯屬公司間未實現利益
2007-09-30,2454,RealizedGainFromInterAffiliateAccounts,0,聯屬公司間已實現利益
2007-09-30,2454,OperatingExpenses,2604512000,營業費用
2007-09-30,2454,OperatingIncome,11445755000,營業淨利(淨損)
2007-09-30,2454,TotalNonbusinessIncome,839729000,營業外收入及利益
2007-09-30,2454,TotalnonbusinessExpenditure,150018000,營業外費用及損失
2007-09-30,2454,IncomeBeforeTaxFromContinuingOperations,12135466000,繼續營業單位稅前淨利(淨損)
2007-09-30,2454,TAX,286261000,所得稅(費用)利益
2007-09-30,2454,IncomeFromContinuingOperations,11849205000,繼續營業單位淨利(淨損)
2007-09-30,2454,IncomeLossFromDiscontinuedOperation,0,停業單位損益
2007-09-30,2454,ExtraordinaryItems,0,非常損益
2007-09-30,2454,CumulativeEffectOfChangesInAccountingPrinciple,0,會計原則變動累積影響數
2007-09-30,2454,-,0,合併前非屬共同控制股權損益
2007-09-30,2454,NetIncome,11849205000,本期淨利(淨損)
2007-09-30,2454,EPS,10.42,基本每股盈餘
2007-12-31,2454,Revenue,17795526000,營業收入
2007-12-31,2454,CostOfGoodsSold,8059779000,營業成本
2007-12-31,2454,GrossProfit,9735747000,營業毛利(毛損)
2007-12-31,2454,UnrealizedGainFromInterAffiliateAccounts,0,聯屬公司間未實現利益
2007-12-31,2454,RealizedGainFromInterAffiliateAccounts,0,聯屬公司間已實現利益
2007-12-31,2454,OperatingExpenses,3651962000,營業費用
2007-12-31,2454,OperatingIncome,6083785000,營業淨利(淨損)
2007-12-31,2454,TotalNonbusinessIncome,657019000,營業外收入及利益
2007-12-31,2454,TotalnonbusinessExpenditure,12625000,營業外費用及損失
2007-12-31,2454,IncomeBeforeTaxFromContinuingOperations,6728179000,繼續營業單位稅前淨利(淨損)
2007-12-31,2454,TAX,414078000,所得稅(費用)利益
2007-12-31,2454,IncomeFromContinuingOperations,6314101000,繼續營業單位淨利(淨損)
2007-12-31,2454,IncomeLossFromDiscontinuedOperation,0,停業單位損益
2007-12-31,2454,ExtraordinaryItems,0,非常損益
2007-12-31,2454,CumulativeEffectOfChangesInAccountingPrinciple,0,會計原則變動累積影響數
2007-12-31,2454,-,0,合併前非屬共同控制股權損益
2007-12-31,2454,NetIncome,6314101000,本期淨利(淨損)
2007-12-31,2454,EPS,6.11,基本每股盈餘
2008-03-31,2454,Revenue,15241528000,營業收入
2008-03-31,2454,CostOfGoodsSold,7175542000,營業成本
2008-03-31,2454,GrossProfit,8065986000,營業毛利(毛損)
2008-03-31,2454,UnrealizedGainFromInterAffiliateAccounts,0,聯屬公司間未實現利益
2008-03-31,2454,RealizedGainFromInterAffiliateAccounts,0,聯屬公司間已實現利益
2008-03-31,2454,OperatingExpenses,3782536000,營業費用
2008-03-31,2454,OperatingIncome,4283450000,營業淨利(淨損)
2008-03-31,2454,TotalNonbusinessIncome,622879000,營業外收入及利益
2008-03-31,2454,TotalnonbusinessExpenditure,635986000,營業外費用及損失
2008-03-31,2454,IncomeBeforeTaxFromContinuingOperations,4270343000,繼續營業單位稅前淨利(淨損)
2008-03-31,2454,TAX,238856000,所得稅(費用)利益
2008-03-31,2454,IncomeFromContinuingOperations,4031487000,繼續營業單位淨利(淨損)
2008-03-31,2454,IncomeLossFromDiscontinuedOperation,0,停業單位損益
2008-03-31,2454,ExtraordinaryItems,0,非常損益
2008-03-31,2454,CumulativeEffectOfChangesInAccountingPrinciple,0,會計原則變動累積影響數
2008-03-31,2454,-,0,合併前非屬共同控制股權損益
2008-03-31,2454,NetIncome,4031487000,本期淨利(淨損)
2008-03-31,2454,EPS,3.9,基本每股盈餘
2008-06-30,2454,Revenue,16543540000,營業收入
2008-06-30,2454,CostOfGoodsSold,7452796000,營業成本
2008-06-30,2454,GrossProfit,9090744000,營業毛利(毛損)
2008-06-30,2454,UnrealizedGainFromInterAffiliateAccounts,0,聯屬公司間未實現利益
2008-06-30,2454,RealizedGainFromInterAffiliateAccounts,0,聯屬公司間已實現利益
2008-06-30,2454,OperatingExpenses,4385093000,營業費用
2008-06-30,2454,OperatingIncome,4705651000,營業淨利(淨損)
2008-06-30,2454,TotalNonbusinessIncome,1733993000,營業外收入及利益
2008-06-30,2454,TotalnonbusinessExpenditure,304172000,營業外費用及損失
2008-06-30,2454,IncomeBeforeTaxFromContinuingOperations,6135472000,繼續營業單位稅前淨利(淨損)
2008-06-30,2454,TAX,1039647000,所得稅(費用)利益
2008-06-30,2454,IncomeFromContinuingOperations,5095825000,繼續營業單位淨利(淨損)
2008-06-30,2454,IncomeLossFromDiscontinuedOperation,0,停業單位損益
2008-06-30,2454,ExtraordinaryItems,0,非常損益
2008-06-30,2454,CumulativeEffectOfChangesInAccountingPrinciple,0,會計原則變動累積影響數
2008-06-30,2454,-,0,合併前非屬共同控制股權損益
2008-06-30,2454,NetIncome,5095825000,本期淨利(淨損)
2008-06-30,2454,EPS,4.93,基本每股盈餘
2008-09-30,2454,Revenue,20876945000,營業收入
2008-09-30,2454,CostOfGoodsSold,9375306000,營業成本
2008-09-30,2454,GrossProfit,11501639000,營業毛利(毛損)
2008-09-30,2454,UnrealizedGainFromInterAffiliateAccounts,0,聯屬公司間未實現利益
2008-09-30,2454,RealizedGainFromInterAffiliateAccounts,0,聯屬公司間已實現利益
2008-09-30,2454,OperatingExpenses,5862564000,營業費用
2008-09-30,2454,OperatingIncome,5639075000,營業淨利(淨損)
2008-09-30,2454,TotalNonbusinessIncome,2283409000,營業外收入及利益
2008-09-30,2454,TotalnonbusinessExpenditure,359204000,營業外費用及損失
2008-09-30,2454,IncomeBeforeTaxFromContinuingOperations,7563280000,繼續營業單位稅前淨利(淨損)
2008-09-30,2454,TAX,381132000,所得稅(費用)利益
2008-09-30,2454,IncomeFromContinuingOperations,7182148000,繼續營業單位淨利(淨損)
2008-09-30,2454,IncomeLossFromDiscontinuedOperation,0,停業單位損益
2008-09-30,2454,ExtraordinaryItems,0,非常損益
2008-09-30,2454,CumulativeEffectOfChangesInAccountingPrinciple,0,會計原則變動累積影響數
2008-09-30,2454,-,0,合併前非屬共同控制股權損益
2008-09-30,2454,NetIncome,7182148000,本期淨利(淨損)
2008-09-30,2454,EPS,6.48,基本每股盈餘
2008-12-31,2454,Revenue,15353530000,營業收入
2008-12-31,2454,CostOfGoodsSold,7127817000,營業成本
2008-12-31,2454,GrossProfit,8225713000,營業毛利(毛損)
2008-12-31,2454,UnrealizedGainFromInterAffiliateAccounts,0,聯屬公司間未實現利益
2008-12-31,2454,RealizedGainFromInterAffiliateAccounts,0,聯屬公司間已實現利益
2008-12-31,2454,OperatingExpenses,4756223000,營業費用
2008-12-31,2454,OperatingIncome,3469490000,營業淨利(淨損)
2008-12-31,2454,TotalNonbusinessIncome,34574000,營業外收入及利益
2008-12-31,2454,TotalnonbusinessExpenditure,503342000,營業外費用及損失
2008-12-31,2454,IncomeBeforeTaxFromContinuingOperations,3000722000,繼續營業單位稅前淨利(淨損)
2008-12-31,2454,TAX,120185000,所得稅(費用)利益
2008-12-31,2454,IncomeFromContinuingOperations,2880537000,繼續營業單位淨利(淨損)
2008-12-31,2454,IncomeLossFromDiscontinuedOperation,0,停業單位損益
2008-12-31,2454,ExtraordinaryItems,0,非常損益
2008-12-31,2454,CumulativeEffectOfChangesInAccountingPrinciple,0,會計原則變動累積影響數
2008-12-31,2454,-,0,合併前非屬共同控制股權損益
2008-12-31,2454,NetIncome,2880537000,本期淨利(淨損)
2008-12-31,2454,EPS,2.7,基本每股盈餘
2009-03-31,2454,Revenue,17732466000,營業收入
2009-03-31,2454,CostOfGoodsSold,7883724000,營業成本
2009-03-31,2454,GrossProfit,9848742000,營業毛利(毛損)
2009-03-31,2454,UnrealizedGainFromInterAffiliateAccounts,0,聯屬公司間未實現利益
2009-03-31,2454,RealizedGainFromInterAffiliateAccounts,0,聯屬公司間已實現利益
2009-03-31,2454,OperatingExpenses,5217005000,營業費用
2009-03-31,2454,OperatingIncome,4631737000,營業淨利(淨損)
2009-03-31,2454,TotalNonbusinessIncome,2452730000,營業外收入及利益
2009-03-31,2454,TotalnonbusinessExpenditure,151798000,營業外費用及損失
2009-03-31,2454,IncomeBeforeTaxFromContinuingOperations,6932669000,繼續營業單位稅前淨利(淨損)
2009-03-31,2454,TAX,-70721000,所得稅(費用)利益
2009-03-31,2454,IncomeFromContinuingOperations,7003390000,繼續營業單位淨利(淨損)
2009-03-31,2454,IncomeLossFromDiscontinuedOperation,0,停業單位損益
2009-03-31,2454,ExtraordinaryItems,0,非常損益
2009-03-31,2454,CumulativeEffectOfChangesInAccountingPrinciple,0,會計原則變動累積影響數
2009-03-31,2454,-,0,合併前非屬共同控制股權損益
2009-03-31,2454,NetIncome,7003390000,本期淨利(淨損)
2009-03-31,2454,EPS,6.57,基本每股盈餘
2009-06-30,2454,Revenue,18818406000,營業收入
2009-06-30,2454,CostOfGoodsSold,7569226000,營業成本
2009-06-30,2454,GrossProfit,11249180000,營業毛利(毛損)
2009-06-30,2454,UnrealizedGainFromInterAffiliateAccounts,0,聯屬公司間未實現利益
2009-06-30,2454,RealizedGainFromInterAffiliateAccounts,0,聯屬公司間已實現利益
2009-06-30,2454,OperatingExpenses,5795913000,營業費用
2009-06-30,2454,OperatingIncome,5453267000,營業淨利(淨損)
2009-06-30,2454,TotalNonbusinessIncome,3992332000,營業外收入及利益
2009-06-30,2454,TotalnonbusinessExpenditure,-64819000,營業外費用及損失
2009-06-30,2454,IncomeBeforeTaxFromContinuingOperations,9510418000,繼續營業單位稅前淨利(淨損)
2009-06-30,2454,TAX,349384000,所得稅(費用)利益
2009-06-30,2454,IncomeFromContinuingOperations,9161034000,繼續營業單位淨利(淨損)
2009-06-30,2454,IncomeLossFromDiscontinuedOperation,0,停業單位損益
2009-06-30,2454,ExtraordinaryItems,0,非常損益
2009-06-30,2454,CumulativeEffectOfChangesInAccountingPrinciple,0,會計原則變動累積影響數
2009-06-30,2454,-,0,合併前非屬共同控制股權損益
2009-06-30,2454,NetIncome,9161034000,本期淨利(淨損)
2009-06-30,2454,EPS,8.58,基本每股盈餘
2009-09-30,2454,Revenue,23047646000,營業收入
2009-09-30,2454,CostOfGoodsSold,8793064000,營業成本
2009-09-30,2454,GrossProfit,14254582000,營業毛利(毛損)
2009-09-30,2454,UnrealizedGainFromInterAffiliateAccounts,0,聯屬公司間未實現利益
2009-09-30,2454,RealizedGainFromInterAffiliateAccounts,0,聯屬公司間已實現利益
2009-09-30,2454,OperatingExpenses,7090887000,營業費用
2009-09-30,2454,OperatingIncome,7163695000,營業淨利(淨損)
2009-09-30,2454,TotalNonbusinessIncome,4714030000,營業外收入及利益
2009-09-30,2454,TotalnonbusinessExpenditure,-42003000,營業外費用及損失
2009-09-30,2454,IncomeBeforeTaxFromContinuingOperations,11919728000,繼續營業單位稅前淨利(淨損)
2009-09-30,2454,TAX,124462000,所得稅(費用)利益
2009-09-30,2454,IncomeFromContinuingOperations,11795266000,繼續營業單位淨利(淨損)
2009-09-30,2454,IncomeLossFromDiscontinuedOperation,0,停業單位損益
2009-09-30,2454,ExtraordinaryItems,0,非常損益
2009-09-30,2454,CumulativeEffectOfChangesInAccountingPrinciple,0,會計原則變動累積影響數
2009-09-30,2454,-,0,合併前非屬共同控制股權損益
2009-09-30,2454,NetIncome,11795266000,本期淨利(淨損)
2009-09-30,2454,EPS,10.89,基本每股盈餘
2009-12-31,2454,Revenue,17712234000,營業收入
2009-12-31,2454,CostOfGoodsSold,6945064000,營業成本
2009-12-31,2454,GrossProfit,10767170000,營業毛利(毛損)
2009-12-31,2454,UnrealizedGainFromInterAffiliateAccounts,0,聯屬公司間未實現利益
2009-12-31,2454,RealizedGainFromInterAffiliateAccounts,0,聯屬公司間已實現利益
2009-12-31,2454,OperatingExpenses,6569273000,營業費用
2009-12-31,2454,OperatingIncome,4197897000,營業淨利(淨損)
2009-12-31,2454,TotalNonbusinessIncome,4686163000,營業外收入及利益
2009-12-31,2454,TotalnonbusinessExpenditure,-31068000,營業外費用及損失
2009-12-31,2454,IncomeBeforeTaxFromContinuingOperations,8915128000,繼續營業單位稅前淨利(淨損)
2009-12-31,2454,TAX,169178000,所得稅(費用)利益
2009-12-31,2454,IncomeFromContinuingOperations,8745950000,繼續營業單位淨利(淨損)
2009-12-31,2454,IncomeLossFromDiscontinuedOperation,0,停業單位損益
2009-12-31,2454,ExtraordinaryItems,0,非常損益
2009-12-31,2454,CumulativeEffectOfChangesInAccountingPrinciple,0,會計原則變動累積影響數
2009-12-31,2454,-,0,合併前非屬共同控制股權損益
2009-12-31,2454,NetIncome,8745950000,本期淨利(淨損)
2009-12-31,2454,EPS,8.08,基本每股盈餘
2010-03-31,2454,Revenue,20184664000,營業收入
2010-03-31,2454,CostOfGoodsSold,8674024000,營業成本
2010-03-31,2454,GrossProfit,11510640000,營業毛利(毛損)
2010-03-31,2454,UnrealizedGainFromInterAffiliateAccounts,0,聯屬公司間未實現利益
2010-03-31,2454,RealizedGainFromInterAffiliateAccounts,0,聯屬公司間已實現利益
2010-03-31,2454,OperatingExpenses,5839887000,營業費用
2010-03-31,2454,OperatingIncome,5670753000,營業淨利(淨損)
2010-03-31,2454,TotalNonbusinessIncome,5700196000,營業外收入及利益
2010-03-31,2454,TotalnonbusinessExpenditure,8755000,營業外費用及損失
2010-03-31,2454,IncomeBeforeTaxFromContinuingOperations,11362194000,繼續營業單位稅前淨利(淨損)
2010-03-31,2454,TAX,228239000,所得稅(費用)利益
2010-03-31,2454,IncomeFromContinuingOperations,11133955000,繼續營業單位淨利(淨損)
2010-03-31,2454,IncomeLossFromDiscontinuedOperation,0,停業單位損益
2010-03-31,2454,ExtraordinaryItems,0,非常損益
2010-03-31,2454,CumulativeEffectOfChangesInAccountingPrinciple,0,會計原則變動累積影響數
2010-03-31,2454,-,0,合併前非屬共同控制股權損益
2010-03-31,2454,NetIncome,11133955000,本期淨利(淨損)
2010-03-31,2454,EPS,10.29,基本每股盈餘
2010-06-30,2454,Revenue,18984541000,營業收入
2010-06-30,2454,CostOfGoodsSold,8351330000,營業成本
2010-06-30,2454,GrossProfit,10633211000,營業毛利(毛損)
2010-06-30,2454,UnrealizedGainFromInterAffiliateAccounts,0,聯屬公司間未實現利益
2010-06-30,2454,RealizedGainFromInterAffiliateAccounts,0,聯屬公司間已實現利益
2010-06-30,2454,OperatingExpenses,5376361000,營業費用
2010-06-30,2454,OperatingIncome,5256850000,營業淨利(淨損)
2010-06-30,2454,TotalNonbusinessIncome,4470042000,營業外收入及利益
2010-06-30,2454,TotalnonbusinessExpenditure,105769000,營業外費用及損失
2010-06-30,2454,IncomeBeforeTaxFromContinuingOperations,9621123000,繼續營業單位稅前淨利(淨損)
2010-06-30,2454,TAX,591289000,所得稅(費用)利益
2010-06-30,2454,IncomeFromContinuingOperations,9029834000,繼續營業單位淨利(淨損)
2010-06-30,2454,IncomeLossFromDiscontinuedOperation,0,停業單位損益
2010-06-30,2454,ExtraordinaryItems,0,非常損益
2010-06-30,2454,CumulativeEffectOfChangesInAccountingPrinciple,0,會計原則變動累積影響數
2010-06-30,2454,-,0,合併前非屬共同控制股權損益
2010-06-30,2454,NetIncome,9029834000,本期淨利(淨損)
2010-06-30,2454,EPS,8.33,基本每股盈餘
2010-09-30,2454,Revenue,18274982000,營業收入
2010-09-30,2454,CostOfGoodsSold,8656009000,營業成本
2010-09-30,2454,GrossProfit,9618973000,營業毛利(毛損)
2010-09-30,2454,UnrealizedGainFromInterAffiliateAccounts,0,聯屬公司間未實現利益
2010-09-30,2454,RealizedGainFromInterAffiliateAccounts,0,聯屬公司間已實現利益
2010-09-30,2454,OperatingExpenses,5578665000,營業費用
2010-09-30,2454,OperatingIncome,4040308000,營業淨利(淨損)
2010-09-30,2454,TotalNonbusinessIncome,3075301000,營業外收入及利益
2010-09-30,2454,TotalnonbusinessExpenditure,32872000,營業外費用及損失
2010-09-30,2454,IncomeBeforeTaxFromContinuingOperations,7082737000,繼續營業單位稅前淨利(淨損)
2010-09-30,2454,TAX,113282000,所得稅(費用)利益
2010-09-30,2454,IncomeFromContinuingOperations,6969455000,繼續營業單位淨利(淨損)
2010-09-30,2454,IncomeLossFromDiscontinuedOperation,0,停業單位損益
2010-09-30,2454,ExtraordinaryItems,0,非常損益
2010-09-30,2454,CumulativeEffectOfChangesInAccountingPrinciple,0,會計原則變動累積影響數
2010-09-30,2454,-,0,合併前非屬共同控制股權損益
2010-09-30,2454,NetIncome,6969455000,本期淨利(淨損)
2010-09-30,2454,EPS,6.33,基本每股盈餘
2010-12-31,2454,Revenue,14544243000,營業收入
2010-12-31,2454,CostOfGoodsSold,7044794000,營業成本
2010-12-31,2454,GrossProfit,7499449000,營業毛利(毛損)
2010-12-31,2454,UnrealizedGainFromInterAffiliateAccounts,0,聯屬公司間未實現利益
2010-12-31,2454,RealizedGainFromInterAffiliateAccounts,0,聯屬公司間已實現利益
2010-12-31,2454,OperatingExpenses,5200314000,營業費用
2010-12-31,2454,OperatingIncome,2299135000,營業淨利(淨損)
2010-12-31,2454,TotalNonbusinessIncome,1726041000,營業外收入及利益
2010-12-31,2454,TotalnonbusinessExpenditure,-102449000,營業外費用及損失
2010-12-31,2454,IncomeBeforeTaxFromContinuingOperations,4127625000,繼續營業單位稅前淨利(淨損)
2010-12-31,2454,TAX,299432000,所得稅(費用)利益
2010-12-31,2454,IncomeFromContinuingOperations,3828193000,繼續營業單位淨利(淨損)
2010-12-31,2454,IncomeLossFromDiscontinuedOperation,0,停業單位損益
2010-12-31,2454,ExtraordinaryItems,0,非常損益
2010-12-31,2454,CumulativeEffectOfChangesInAccountingPrinciple,0,會計原則變動累積影響數
2010-12-31,2454,-,0,合併前非屬共同控制股權損益
2010-12-31,2454,NetIncome,3828193000,本期淨利(淨損)
2010-12-31,2454,EPS,3.49,基本每股盈餘
2011-03-31,2454,Revenue,12275620000,營業收入
2011-03-31,2454,CostOfGoodsSold,7177077000,營業成本
2011-03-31,2454,GrossProfit,5098543000,營業毛利(毛損)
2011-03-31,2454,UnrealizedGainFromInterAffiliateAccounts,0,聯屬公司間未實現利益
2011-03-31,2454,RealizedGainFromInterAffiliateAccounts,0,聯屬公司間已實現利益
2011-03-31,2454,OperatingExpenses,3865491000,營業費用
2011-03-31,2454,OperatingIncome,1233052000,營業淨利(淨損)
2011-03-31,2454,TotalNonbusinessIncome,2229967000,營業外收入及利益
2011-03-31,2454,TotalnonbusinessExpenditure,88748000,營業外費用及損失
2011-03-31,2454,IncomeBeforeTaxFromContinuingOperations,3374271000,繼續營業單位稅前淨利(淨損)
2011-03-31,2454,TAX,64509000,所得稅(費用)利益
2011-03-31,2454,IncomeFromContinuingOperations,3309762000,繼續營業單位淨利(淨損)
2011-03-31,2454,IncomeLossFromDiscontinuedOperation,0,停業單位損益
2011-03-31,2454,ExtraordinaryItems,0,非常損益
2011-03-31,2454,CumulativeEffectOfChangesInAccountingPrinciple,0,會計原則變動累積影響數
2011-03-31,2454,-,0,合併前非屬共同控制股權損益
2011-03-31,2454,NetIncome,3309762000,本期淨利(淨損)
2011-03-31,2454,EPS,3.03,基本每股盈餘
2011-06-30,2454,Revenue,12434238000,營業收入
2011-06-30,2454,CostOfGoodsSold,7149907000,營業成本
2011-06-30,2454,GrossProfit,5284331000,營業毛利(毛損)
2011-06-30,2454,UnrealizedGainFromInterAffiliateAccounts,0,聯屬公司間未實現利益
2011-06-30,2454,RealizedGainFromInterAffiliateAccounts,0,聯屬公司間已實現利益
2011-06-30,2454,OperatingExpenses,4160132000,營業費用
2011-06-30,2454,OperatingIncome,1124199000,營業淨利(淨損)
2011-06-30,2454,TotalNonbusinessIncome,2449143000,營業外收入及利益
2011-06-30,2454,TotalnonbusinessExpenditure,34174000,營業外費用及損失
2011-06-30,2454,IncomeBeforeTaxFromContinuingOperations,3539168000,繼續營業單位稅前淨利(淨損)
2011-06-30,2454,TAX,213383000,所得稅(費用)利益
2011-06-30,2454,IncomeFromContinuingOperations,3325785000,繼續營業單位淨利(淨損)
2011-06-30,2454,IncomeLossFromDiscontinuedOperation,0,停業單位損益
2011-06-30,2454,ExtraordinaryItems,0,非常損益
2011-06-30,2454,CumulativeEffectOfChangesInAccountingPrinciple,0,會計原則變動累積影響數
2011-06-30,2454,-,0,合併前非屬共同控制股權損益
2011-06-30,2454,NetIncome,3325785000,本期淨利(淨損)
2011-06-30,2454,EPS,3.05,基本每股盈餘
2011-09-30,2454,Revenue,15156623000,營業收入
2011-09-30,2454,CostOfGoodsSold,8997883000,營業成本
2011-09-30,2454,GrossProfit,6158740000,營業毛利(毛損)
2011-09-30,2454,UnrealizedGainFromInterAffiliateAccounts,0,聯屬公司間未實現利益
2011-09-30,2454,RealizedGainFromInterAffiliateAccounts,0,聯屬公司間已實現利益
2011-09-30,2454,OperatingExpenses,4590559000,營業費用
2011-09-30,2454,OperatingIncome,1568181000,營業淨利(淨損)
2011-09-30,2454,TotalNonbusinessIncome,2603670000,營業外收入及利益
2011-09-30,2454,TotalnonbusinessExpenditure,47146000,營業外費用及損失
2011-09-30,2454,IncomeBeforeTaxFromContinuingOperations,4124705000,繼續營業單位稅前淨利(淨損)
2011-09-30,2454,TAX,54684000,所得稅(費用)利益
2011-09-30,2454,IncomeFromContinuingOperations,4070021000,繼續營業單位淨利(淨損)
2011-09-30,2454,IncomeLossFromDiscontinuedOperation,0,停業單位損益
2011-09-30,2454,ExtraordinaryItems,0,非常損益
2011-09-30,2454,CumulativeEffectOfChangesInAccountingPrinciple,0,會計原則變動累積影響數
2011-09-30,2454,-,0,合併前非屬共同控制股權損益
2011-09-30,2454,NetIncome,4070021000,本期淨利(淨損)
2011-09-30,2454,EPS,3.73,基本每股盈餘
2011-12-31,2454,Revenue,13975885000,營業收入
2011-12-31,2454,CostOfGoodsSold,8448369000,營業成本
2011-12-31,2454,GrossProfit,5527516000,營業毛利(毛損)
2011-12-31,2454,UnrealizedGainFromInterAffiliateAccounts,0,聯屬公司間未實現利益
2011-12-31,2454,RealizedGainFromInterAffiliateAccounts,0,聯屬公司間已實現利益
2011-12-31,2454,OperatingExpenses,4613167000,營業費用
2011-12-31,2454,OperatingIncome,914349000,營業淨利(淨損)
2011-12-31,2454,TotalNonbusinessIncome,1974648000,營業外收入及利益
2011-12-31,2454,TotalnonbusinessExpenditure,-31407000,營業外費用及損失
2011-12-31,2454,IncomeBeforeTaxFromContinuingOperations,2920404000,繼續營業單位稅前淨利(淨損)
2011-12-31,2454,TAX,2902000,所得稅(費用)利益
2011-12-31,2454,IncomeFromContinuingOperations,2917502000,繼續營業單位淨利(淨損)
2011-12-31,2454,IncomeLossFromDiscontinuedOperation,0,停業單位損益
2011-12-31,2454,ExtraordinaryItems,0,非常損益
2011-12-31,2454,CumulativeEffectOfChangesInAccountingPrinciple,0,會計原則變動累積影響數
2011-12-31,2454,-,0,合併前非屬共同控制股權損益
2011-12-31,2454,NetIncome,2917502000,本期淨利(淨損)
2011-12-31,2454,EPS,2.54,基本每股盈餘
2012-03-31,2454,Revenue,11461912000,營業收入
2012-03-31,2454,CostOfGoodsSold,7620355000,營業成本
2012-03-31,2454,GrossProfit,3841557000,營業毛利(毛損)
2012-03-31,2454,UnrealizedGainFromInterAffiliateAccounts,0,聯屬公司間未實現利益
2012-03-31,2454,RealizedGainFromInterAffiliateAccounts,0,聯屬公司間已實現利益
2012-03-31,2454,OperatingExpenses,3406653000,營業費用
2012-03-31,2454,OperatingIncome,434904000,營業淨利(淨損)
2012-03-31,2454,TotalNonbusinessIncome,2102647000,營業外收入及利益
2012-03-31,2454,TotalnonbusinessExpenditure,644000,營業外費用及損失
2012-03-31,2454,IncomeBeforeTaxFromContinuingOperations,2536907000,繼續營業單位稅前淨利(淨損)
2012-03-31,2454,TAX,36977000,所得稅(費用)利益
2012-03-31,2454,IncomeFromContinuingOperations,2499930000,繼續營業單位淨利(淨損)
2012-03-31,2454,IncomeLossFromDiscontinuedOperation,0,停業單位損益
2012-03-31,2454,ExtraordinaryItems,0,非常損益
2012-03-31,2454,CumulativeEffectOfChangesInAccountingPrinciple,0,會計原則變動累積影響數
2012-03-31,2454,-,0,合併前非屬共同控制股權損益
2012-03-31,2454,NetIncome,2499930000,本期淨利(淨損)
2012-03-31,2454,EPS,2.19,基本每股盈餘
2012-06-30,2454,Revenue,14267943000,營業收入
2012-06-30,2454,CostOfGoodsSold,9508112000,營業成本
2012-06-30,2454,GrossProfit,4759831000,營業毛利(毛損)
2012-06-30,2454,UnrealizedGainFromInterAffiliateAccounts,0,聯屬公司間未實現利益
2012-06-30,2454,RealizedGainFromInterAffiliateAccounts,0,聯屬公司間已實現利益
2012-06-30,2454,OperatingExpenses,3848477000,營業費用
2012-06-30,2454,OperatingIncome,911354000,營業淨利(淨損)
2012-06-30,2454,TotalNonbusinessIncome,2986302000,營業外收入及利益
2012-06-30,2454,TotalnonbusinessExpenditure,90905000,營業外費用及損失
2012-06-30,2454,IncomeBeforeTaxFromContinuingOperations,3806751000,繼續營業單位稅前淨利(淨損)
2012-06-30,2454,TAX,449315000,所得稅(費用)利益
2012-06-30,2454,IncomeFromContinuingOperations,3357436000,繼續營業單位淨利(淨損)
2012-06-30,2454,IncomeLossFromDiscontinuedOperation,0,停業單位損益
2012-06-30,2454,ExtraordinaryItems,0,非常損益
2012-06-30,2454,CumulativeEffectOfChangesInAccountingPrinciple,0,會計原則變動累積影響數
2012-06-30,2454,-,0,合併前非屬共同控制股權損益
2012-06-30,2454,NetIncome,3357436000,本期淨利(淨損)
2012-06-30,2454,EPS,2.95,基本每股盈餘
2012-09-30,2454,Revenue,19520503000,營業收入
2012-09-30,2454,CostOfGoodsSold,12357199000,營業成本
2012-09-30,2454,GrossProfit,7163304000,營業毛利(毛損)
2012-09-30,2454,UnrealizedGainFromInterAffiliateAccounts,0,聯屬公司間未實現利益
2012-09-30,2454,RealizedGainFromInterAffiliateAccounts,0,聯屬公司間已實現利益
2012-09-30,2454,OperatingExpenses,4981396000,營業費用
2012-09-30,2454,OperatingIncome,2181908000,營業淨利(淨損)
2012-09-30,2454,TotalNonbusinessIncome,2873636000,營業外收入及利益
2012-09-30,2454,TotalnonbusinessExpenditure,-2086000,營業外費用及損失
2012-09-30,2454,IncomeBeforeTaxFromContinuingOperations,5057630000,繼續營業單位稅前淨利(淨損)
2012-09-30,2454,TAX,116674000,所得稅(費用)利益
2012-09-30,2454,IncomeFromContinuingOperations,4940956000,繼續營業單位淨利(淨損)
2012-09-30,2454,IncomeLossFromDiscontinuedOperation,0,停業單位損益
2012-09-30,2454,ExtraordinaryItems,0,非常損益
2012-09-30,2454,CumulativeEffectOfChangesInAccountingPrinciple,0,會計原則變動累積影響數
2012-09-30,2454,-,0,合併前非屬共同控制股權損益
2012-09-30,2454,NetIncome,4940956000,本期淨利(淨損)
2012-09-30,2454,EPS,4.06,基本每股盈餘
2012-12-31,2454,Revenue,18223671000,營業收入
2012-12-31,2454,CostOfGoodsSold,11284689000,營業成本
2012-12-31,2454,GrossProfit,6938982000,營業毛利(毛損)
2012-12-31,2454,UnrealizedGainFromInterAffiliateAccounts,0,聯屬公司間未實現利益
2012-12-31,2454,RealizedGainFromInterAffiliateAccounts,0,聯屬公司間已實現利益
2012-12-31,2454,OperatingExpenses,4616826000,營業費用
2012-12-31,2454,OperatingIncome,2322156000,營業淨利(淨損)
2012-12-31,2454,TotalNonbusinessIncome,2734887000,營業外收入及利益
2012-12-31,2454,TotalnonbusinessExpenditure,2461000,營業外費用及損失
2012-12-31,2454,IncomeBeforeTaxFromContinuingOperations,5054582000,繼續營業單位稅前淨利(淨損)
2012-12-31,2454,TAX,165376000,所得稅(費用)利益
2012-12-31,2454,IncomeFromContinuingOperations,4889206000,繼續營業單位淨利(淨損)
2012-12-31,2454,IncomeLossFromDiscontinuedOperation,0,停業單位損益
2012-12-31,2454,ExtraordinaryItems,0,非常損益
2012-12-31,2454,CumulativeEffectOfChangesInAccountingPrinciple,0,會計原則變動累積影響數
2012-12-31,2454,-,0,合併前非屬共同控制股權損益
2012-12-31,2454,NetIncome,4889206000,本期淨利(淨損)
2012-12-31,2454,EPS,3.7,基本每股盈餘
2013-03-31,2454,IncomeBeforeIncomeTax,3922080000,稅前淨利(淨損)
2013-03-31,2454,NetIncome,3735770000,本期淨利(淨損)
2013-03-31,2454,OperatingExpenses,7002766000,營業費用
2013-03-31,2454,EPS,2.79,基本每股盈餘（元）
2013-03-31,2454,PreTaxIncome,3922081000,稅前淨利（淨損）
2013-03-31,2454,IncomeFromContinuingOperations,3735766000,繼續營業單位本期淨利（淨損）
2013-03-31,2454,IncomeAfterTaxes,3735766000,本期淨利（淨損）
2013-03-31,2454,TotalConsolidatedProfitForThePeriod,6990573000,本期綜合損益總額
2013-03-31,2454,Revenue,23974209000,營業收入
2013-03-31,2454,CostOfGoodsSold,13884058000,營業成本
2013-03-31,2454,GrossProfit,10090151000,營業毛利（毛損）淨額
2013-03-31,2454,OperatingIncome,3087385000,營業利益（損失）
2013-03-31,2454,TotalNonoperatingIncomeAndExpense,834696000,營業外收入及支出
2013-03-31,2454,TAX,186315000,所得稅費用（利益）
2013-03-31,2454,OtherComprehensiveIncome,3254807000,其他綜合損益（淨額）
2013-03-31,2454,EquityAttributableToOwnersOfParent,3740904000,淨利（淨損）歸屬於母公司業主
2013-03-31,2454,NoncontrollingInterests,-5138000,淨利（淨損）歸屬於非控制權益
2013-06-30,2454,IncomeBeforeIncomeTax,7143310000,稅前淨利(淨損)
2013-06-30,2454,NetIncome,6716450000,本期淨利(淨損)
2013-06-30,2454,OperatingExpenses,8497250000,營業費用
2013-06-30,2454,EPS,5.01,基本每股盈餘（元）
2013-06-30,2454,PreTaxIncome,7143308000,稅前淨利（淨損）
2013-06-30,2454,IncomeFromContinuingOperations,6716448000,繼續營業單位本期淨利（淨損）
2013-06-30,2454,IncomeAfterTaxes,6716448000,本期淨利（淨損）
2013-06-30,2454,TotalConsolidatedProfitForThePeriod,7986672000,本期綜合損益總額
2013-06-30,2454,Revenue,33276043000,營業收入
2013-06-30,2454,CostOfGoodsSold,18891225000,營業成本
2013-06-30,2454,GrossProfit,14384818000,營業毛利（毛損）淨額
2013-06-30,2454,OperatingIncome,5887568000,營業利益（損失）
2013-06-30,2454,TotalNonoperatingIncomeAndExpense,1255740000,營業外收入及支出
2013-06-30,2454,TAX,426860000,所得稅費用（利益）
2013-06-30,2454,OtherComprehensiveIncome,1270224000,其他綜合損益（淨額）
2013-06-30,2454,EquityAttributableToOwnersOfParent,6722963000,淨利（淨損）歸屬於母公司業主
2013-06-30,2454,NoncontrollingInterests,-6515000,淨利（淨損）歸屬於非控制權益
2013-09-30,2454,IncomeBeforeIncomeTax,9035100000,稅前淨利(淨損)
2013-09-30,2454,NetIncome,8416230000,本期淨利(淨損)
2013-09-30,2454,OperatingExpenses,9274494000,營業費用
2013-09-30,2454,EPS,6.28,基本每股盈餘（元）
2013-09-30,2454,PreTaxIncome,9035097000,稅前淨利（淨損）
2013-09-30,2454,IncomeFromContinuingOperations,8416227000,繼續營業單位本期淨利（淨損）
2013-09-30,2454,IncomeAfterTaxes,8416227000,本期淨利（淨損）
2013-09-30,2454,TotalConsolidatedProfitForThePeriod,6608307000,本期綜合損益總額
2013-09-30,2454,Revenue,39007788000,營業收入
2013-09-30,2454,CostOfGoodsSold,21867352000,營業成本
2013-09-30,2454,GrossProfit,17140436000,營業毛利（毛損）淨額
2013-09-30,2454,OperatingIncome,7865942000,營業利益（損失）
2013-09-30,2454,TotalNonoperatingIncomeAndExpense,1169155000,營業外收入及支出
2013-09-30,2454,TAX,618870000,所得稅費用（利益）
2013-09-30,2454,OtherComprehensiveIncome,-1807920000,其他綜合損益（淨額）
2013-09-30,2454,EquityAttributableToOwnersOfParent,8428301000,淨利（淨損）歸屬於母公司業主
2013-09-30,2454,NoncontrollingInterests,-12074000,淨利（淨損）歸屬於非控制權益
2013-12-31,2454,IncomeBeforeIncomeTax,9446340000,稅前淨利(淨損)
2013-12-31,2454,NetIncome,8616210000,本期淨利(淨損)
2013-12-31,2454,OperatingExpenses,9787354000,營業費用
2013-12-31,2454,EPS,6.43,基本每股盈餘（元）
2013-12-31,2454,PreTaxIncome,9446336000,稅前淨利（淨損）
2013-12-31,2454,IncomeFromContinuingOperations,8616209000,繼續營業單位本期淨利（淨損）
2013-12-31,2454,IncomeAfterTaxes,8616209000,本期淨利（淨損）
2013-12-31,2454,TotalConsolidatedProfitForThePeriod,10152923000,本期綜合損益總額
2013-12-31,2454,Revenue,39797914000,營業收入
2013-12-31,2454,CostOfGoodsSold,21607735000,營業成本
2013-12-31,2454,GrossProfit,18190179000,營業毛利（毛損）淨額
2013-12-31,2454,OperatingIncome,8402825000,營業利益（損失）
2013-12-31,2454,TotalNonoperatingIncomeAndExpense,1043511000,營業外收入及支出
2013-12-31,2454,TAX,830127000,所得稅費用（利益）
2013-12-31,2454,OtherComprehensiveIncome,1536714000,其他綜合損益（淨額）
2013-12-31,2454,EquityAttributableToOwnersOfParent,8622884000,淨利（淨損）歸屬於母公司業主
2013-12-31,2454,NoncontrollingInterests,-6675000,淨利（淨損）歸屬於非控制權益
2013-12-31,2454,IncomeLossFromDiscontinuedOperation,0,停業單位損益
2014-03-31,2454,IncomeBeforeIncomeTax,11501000000,稅前淨利(淨損)
2014-03-31,2454,NetIncome,10139300000,本期淨利(淨損)
2014-03-31,2454,OperatingExpenses,11412733000,營業費用
2014-03-31,2454,EPS,6.82,基本每股盈餘（元）
2014-03-31,2454,PreTaxIncome,11500964000,稅前淨利（淨損）
2014-03-31,2454,IncomeFromContinuingOperations,10139341000,繼續營業單位本期淨利（淨損）
2014-03-31,2454,IncomeAfterTaxes,10139341000,本期淨利（淨損）
2014-03-31,2454,TotalConsolidatedProfitForThePeriod,11257340000,本期綜合損益總額
2014-03-31,2454,Revenue,46005002000,營業收入
2014-03-31,2454,CostOfGoodsSold,23779339000,營業成本
2014-03-31,2454,GrossProfit,22225663000,營業毛利（毛損）淨額
2014-03-31,2454,OperatingIncome,10812930000,營業利益（損失）
2014-03-31,2454,TotalNonoperatingIncomeAndExpense,688034000,營業外收入及支出
2014-03-31,2454,TAX,1361623000,所得稅費用（利益）
2014-03-31,2454,OtherComprehensiveIncome,1117999000,其他綜合損益（淨額）
2014-03-31,2454,EquityAttributableToOwnersOfParent,10147366000,淨利（淨損）歸屬於母公司業主
2014-03-31,2454,NoncontrollingInterests,-8025000,淨利（淨損）歸屬於非控制權益
2014-06-30,2454,IncomeBeforeIncomeTax,14153200000,稅前淨利(淨損)
2014-06-30,2454,NetIncome,12548600000,本期淨利(淨損)
2014-06-30,2454,OperatingExpenses,14063478000,營業費用
2014-06-30,2454,EPS,8.07,基本每股盈餘（元）
2014-06-30,2454,PreTaxIncome,14153213000,稅前淨利（淨損）
2014-06-30,2454,IncomeFromContinuingOperations,12548608000,繼續營業單位本期淨利（淨損）
2014-06-30,2454,IncomeAfterTaxes,12548608000,本期淨利（淨損）
2014-06-30,2454,TotalConsolidatedProfitForThePeriod,9444134000,本期綜合損益總額
2014-06-30,2454,Revenue,54133047000,營業收入
2014-06-30,2454,CostOfGoodsSold,27309245000,營業成本
2014-06-30,2454,GrossProfit,26823802000,營業毛利（毛損）淨額
2014-06-30,2454,OperatingIncome,12760324000,營業利益（損失）
2014-06-30,2454,TotalNonoperatingIncomeAndExpense,1392889000,營業外收入及支出
2014-06-30,2454,TAX,1604605000,所得稅費用（利益）
2014-06-30,2454,OtherComprehensiveIncome,-3104474000,其他綜合損益（淨額）
2014-06-30,2454,EquityAttributableToOwnersOfParent,12558406000,淨利（淨損）歸屬於母公司業主
2014-06-30,2454,NoncontrollingInterests,-9798000,淨利（淨損）歸屬於非控制權益
2014-09-30,2454,IncomeBeforeIncomeTax,14913600000,稅前淨利(淨損)
2014-09-30,2454,NetIncome,13301200000,本期淨利(淨損)
2014-09-30,2454,OperatingExpenses,14439914000,營業費用
2014-09-30,2454,EPS,8.52,基本每股盈餘（元）
2014-09-30,2454,PreTaxIncome,14913565000,稅前淨利（淨損）
2014-09-30,2454,IncomeFromContinuingOperations,13301237000,繼續營業單位本期淨利（淨損）
2014-09-30,2454,IncomeAfterTaxes,13301237000,本期淨利（淨損）
2014-09-30,2454,TotalConsolidatedProfitForThePeriod,16764432000,本期綜合損益總額
2014-09-30,2454,Revenue,57472148000,營業收入
2014-09-30,2454,CostOfGoodsSold,29238133000,營業成本
2014-09-30,2454,GrossProfit,28234015000,營業毛利（毛損）淨額
2014-09-30,2454,OperatingIncome,13794101000,營業利益（損失）
2014-09-30,2454,TotalNonoperatingIncomeAndExpense,1119464000,營業外收入及支出
2014-09-30,2454,TAX,1612328000,所得稅費用（利益）
2014-09-30,2454,OtherComprehensiveIncome,3463195000,其他綜合損益（淨額）
2014-09-30,2454,EquityAttributableToOwnersOfParent,13299240000,淨利（淨損）歸屬於母公司業主
2014-09-30,2454,NoncontrollingInterests,1997000,淨利（淨損）歸屬於非控制權益
2014-12-31,2454,IncomeBeforeIncomeTax,11782200000,稅前淨利(淨損)
2014-12-31,2454,NetIncome,10409900000,本期淨利(淨損)
2014-12-31,2454,OperatingExpenses,16711186000,營業費用
2014-12-31,2454,EPS,6.63,基本每股盈餘（元）
2014-12-31,2454,PreTaxIncome,11782213000,稅前淨利（淨損）
2014-12-31,2454,IncomeFromContinuingOperations,10409887000,繼續營業單位本期淨利（淨損）
2014-12-31,2454,IncomeAfterTaxes,10409887000,本期淨利（淨損）
2014-12-31,2454,TotalConsolidatedProfitForThePeriod,16201925000,本期綜合損益總額
2014-12-31,2454,Revenue,55452719000,營業收入
2014-12-31,2454,CostOfGoodsSold,28867578000,營業成本
2014-12-31,2454,GrossProfit,26585141000,營業毛利（毛損）淨額
2014-12-31,2454,OperatingIncome,9873955000,營業利益（損失）
2014-12-31,2454,TotalNonoperatingIncomeAndExpense,1908258000,營業外收入及支出
2014-12-31,2454,TAX,1372326000,所得稅費用（利益）
2014-12-31,2454,OtherComprehensiveIncome,5792038000,其他綜合損益（淨額）
2014-12-31,2454,EquityAttributableToOwnersOfParent,10392880000,淨利（淨損）歸屬於母公司業主
2014-12-31,2454,NoncontrollingInterests,17007000,淨利（淨損）歸屬於非控制權益
2014-12-31,2454,IncomeLossFromDiscontinuedOperation,0,停業單位損益
2015-03-31,2454,IncomeBeforeIncomeTax,8142180000,稅前淨利(淨損)
2015-03-31,2454,NetIncome,7251000000,本期淨利(淨損)
2015-03-31,2454,OperatingExpenses,14826621000,營業費用
2015-03-31,2454,EPS,4.62,基本每股盈餘（元）
2015-03-31,2454,PreTaxIncome,8142183000,稅前淨利（淨損）
2015-03-31,2454,IncomeFromContinuingOperations,7250997000,繼續營業單位本期淨利（淨損）
2015-03-31,2454,IncomeAfterTaxes,7250997000,本期淨利（淨損）
2015-03-31,2454,TotalConsolidatedProfitForThePeriod,5909881000,本期綜合損益總額
2015-03-31,2454,Revenue,47536221000,營業收入
2015-03-31,2454,CostOfGoodsSold,25037623000,營業成本
2015-03-31,2454,GrossProfit,22498598000,營業毛利（毛損）淨額
2015-03-31,2454,OperatingIncome,7671977000,營業利益（損失）
2015-03-31,2454,TotalNonoperatingIncomeAndExpense,470206000,營業外收入及支出
2015-03-31,2454,TAX,891186000,所得稅費用（利益）
2015-03-31,2454,OtherComprehensiveIncome,-1341116000,其他綜合損益（淨額）
2015-03-31,2454,EquityAttributableToOwnersOfParent,7225621000,淨利（淨損）歸屬於母公司業主
2015-03-31,2454,NoncontrollingInterests,25376000,淨利（淨損）歸屬於非控制權益
2015-06-30,2454,IncomeBeforeIncomeTax,7407150000,稅前淨利(淨損)
2015-06-30,2454,NetIncome,6377410000,本期淨利(淨損)
2015-06-30,2454,OperatingExpenses,14729997000,營業費用
2015-06-30,2454,EPS,4.06,基本每股盈餘（元）
2015-06-30,2454,PreTaxIncome,7407152000,稅前淨利（淨損）
2015-06-30,2454,IncomeFromContinuingOperations,6377407000,繼續營業單位本期淨利（淨損）
2015-06-30,2454,IncomeAfterTaxes,6377407000,本期淨利（淨損）
2015-06-30,2454,TotalConsolidatedProfitForThePeriod,5997935000,本期綜合損益總額
2015-06-30,2454,Revenue,47044056000,營業收入
2015-06-30,2454,CostOfGoodsSold,25447682000,營業成本
2015-06-30,2454,GrossProfit,21596374000,營業毛利（毛損）淨額
2015-06-30,2454,OperatingIncome,6866377000,營業利益（損失）
2015-06-30,2454,TotalNonoperatingIncomeAndExpense,540775000,營業外收入及支出
2015-06-30,2454,TAX,1029745000,所得稅費用（利益）
2015-06-30,2454,OtherComprehensiveIncome,-379472000,其他綜合損益（淨額）
2015-06-30,2454,EquityAttributableToOwnersOfParent,6350223000,淨利（淨損）歸屬於母公司業主
2015-06-30,2454,NoncontrollingInterests,27184000,淨利（淨損）歸屬於非控制權益
2015-09-30,2454,IncomeBeforeIncomeTax,9074180000,稅前淨利(淨損)
2015-09-30,2454,NetIncome,7959770000,本期淨利(淨損)
2015-09-30,2454,OperatingExpenses,16682411000,營業費用
2015-09-30,2454,EPS,5.09,基本每股盈餘（元）
2015-09-30,2454,PreTaxIncome,9074176000,稅前淨利（淨損）
2015-09-30,2454,IncomeFromContinuingOperations,7959768000,繼續營業單位本期淨利（淨損）
2015-09-30,2454,IncomeAfterTaxes,7959768000,本期淨利（淨損）
2015-09-30,2454,TotalConsolidatedProfitForThePeriod,11394069000,本期綜合損益總額
2015-09-30,2454,Revenue,56962044000,營業收入
2015-09-30,2454,CostOfGoodsSold,32657866000,營業成本
2015-09-30,2454,GrossProfit,24304178000,營業毛利（毛損）淨額
2015-09-30,2454,OperatingIncome,7621767000,營業利益（損失）
2015-09-30,2454,TotalNonoperatingIncomeAndExpense,1452409000,營業外收入及支出
2015-09-30,2454,TAX,1114408000,所得稅費用（利益）
2015-09-30,2454,OtherComprehensiveIncome,3434301000,其他綜合損益（淨額）
2015-09-30,2454,EquityAttributableToOwnersOfParent,7954447000,淨利（淨損）歸屬於母公司業主
2015-09-30,2454,NoncontrollingInterests,5321000,淨利（淨損）歸屬於非控制權益
2015-12-31,2454,IncomeBeforeIncomeTax,4744980000,稅前淨利(淨損)
2015-12-31,2454,NetIncome,4180560000,本期淨利(淨損)
2015-12-31,2454,OperatingExpenses,20032587000,營業費用
2015-12-31,2454,EPS,2.83,基本每股盈餘（元）
2015-12-31,2454,PreTaxIncome,4744982000,稅前淨利（淨損）
2015-12-31,2454,IncomeFromContinuingOperations,4180560000,繼續營業單位本期淨利（淨損）
2015-12-31,2454,IncomeAfterTaxes,4180560000,本期淨利（淨損）
2015-12-31,2454,TotalConsolidatedProfitForThePeriod,4061677000,本期綜合損益總額
2015-12-31,2454,Revenue,61712919000,營業收入
2015-12-31,2454,CostOfGoodsSold,37932483000,營業成本
2015-12-31,2454,GrossProfit,23780436000,營業毛利（毛損）淨額
2015-12-31,2454,OperatingIncome,3747849000,營業利益（損失）
2015-12-31,2454,TotalNonoperatingIncomeAndExpense,997133000,營業外收入及支出
2015-12-31,2454,TAX,564422000,所得稅費用（利益）
2015-12-31,2454,OtherComprehensiveIncome,-118883000,其他綜合損益（淨額）
2015-12-31,2454,EquityAttributableToOwnersOfParent,4428138000,淨利（淨損）歸屬於母公司業主
2015-12-31,2454,NoncontrollingInterests,-247578000,淨利（淨損）歸屬於非控制權益
2016-03-31,2454,IncomeBeforeIncomeTax,5278190000,稅前淨利(淨損)
2016-03-31,2454,NetIncome,4472990000,本期淨利(淨損)
2016-03-31,2454,OperatingExpenses,16904306000,營業費用
2016-03-31,2454,EPS,2.79,基本每股盈餘（元）
2016-03-31,2454,PreTaxIncome,5278187000,稅前淨利（淨損）
2016-03-31,2454,IncomeFromContinuingOperations,4472987000,繼續營業單位本期淨利（淨損）
2016-03-31,2454,IncomeAfterTaxes,4472987000,本期淨利（淨損）
2016-03-31,2454,TotalConsolidatedProfitForThePeriod,2701421000,本期綜合損益總額
2016-03-31,2454,Revenue,55905486000,營業收入
2016-03-31,2454,CostOfGoodsSold,34598088000,營業成本
2016-03-31,2454,GrossProfit,21307398000,營業毛利（毛損）淨額
2016-03-31,2454,OperatingIncome,4403092000,營業利益（損失）
2016-03-31,2454,TotalNonoperatingIncomeAndExpense,875095000,營業外收入及支出
2016-03-31,2454,TAX,805200000,所得稅費用（利益）
2016-03-31,2454,OtherComprehensiveIncome,-1771566000,其他綜合損益（淨額）
2016-03-31,2454,EquityAttributableToOwnersOfParent,4362997000,淨利（淨損）歸屬於母公司業主
2016-03-31,2454,NoncontrollingInterests,109990000,淨利（淨損）歸屬於非控制權益
2016-06-30,2454,IncomeBeforeIncomeTax,7751490000,稅前淨利(淨損)
2016-06-30,2454,NetIncome,6589720000,本期淨利(淨損)
2016-06-30,2454,OperatingExpenses,18483965000,營業費用
2016-06-30,2454,EPS,4.16,基本每股盈餘（元）
2016-06-30,2454,PreTaxIncome,7751488000,稅前淨利（淨損）
2016-06-30,2454,IncomeFromContinuingOperations,6589719000,繼續營業單位本期淨利（淨損）
2016-06-30,2454,IncomeAfterTaxes,6589719000,本期淨利（淨損）
2016-06-30,2454,TotalConsolidatedProfitForThePeriod,5210398000,本期綜合損益總額
2016-06-30,2454,Revenue,72527311000,營業收入
2016-06-30,2454,CostOfGoodsSold,46974155000,營業成本
2016-06-30,2454,GrossProfit,25553156000,營業毛利（毛損）淨額
2016-06-30,2454,OperatingIncome,7069191000,營業利益（損失）
2016-06-30,2454,TotalNonoperatingIncomeAndExpense,682297000,營業外收入及支出
2016-06-30,2454,TAX,1161769000,所得稅費用（利益）
2016-06-30,2454,OtherComprehensiveIncome,-1379321000,其他綜合損益（淨額）
2016-06-30,2454,EquityAttributableToOwnersOfParent,6499546000,淨利（淨損）歸屬於母公司業主
2016-06-30,2454,NoncontrollingInterests,90173000,淨利（淨損）歸屬於非控制權益
2016-09-30,2454,IncomeBeforeIncomeTax,8615410000,稅前淨利(淨損)
2016-09-30,2454,NetIncome,7830290000,本期淨利(淨損)
2016-09-30,2454,OperatingExpenses,19994516000,營業費用
2016-09-30,2454,EPS,4.98,基本每股盈餘（元）
2016-09-30,2454,PreTaxIncome,8615407000,稅前淨利（淨損）
2016-09-30,2454,IncomeFromContinuingOperations,7830287000,繼續營業單位本期淨利（淨損）
2016-09-30,2454,IncomeAfterTaxes,7830287000,本期淨利（淨損）
2016-09-30,2454,TotalConsolidatedProfitForThePeriod,5377839000,本期綜合損益總額
2016-09-30,2454,Revenue,78403491000,營業收入
2016-09-30,2454,CostOfGoodsSold,50786898000,營業成本
2016-09-30,2454,GrossProfit,27616593000,營業毛利（毛損）淨額
2016-09-30,2454,OperatingIncome,7622077000,營業利益（損失）
2016-09-30,2454,TotalNonoperatingIncomeAndExpense,993330000,營業外收入及支出
2016-09-30,2454,TAX,785120000,所得稅費用（利益）
2016-09-30,2454,OtherComprehensiveIncome,-2452448000,其他綜合損益（淨額）
2016-09-30,2454,EquityAttributableToOwnersOfParent,7792050000,淨利（淨損）歸屬於母公司業主
2016-09-30,2454,NoncontrollingInterests,38237000,淨利（淨損）歸屬於非控制權益
2016-12-31,2454,IncomeBeforeIncomeTax,5567800000,稅前淨利(淨損)
2016-12-31,2454,NetIncome,5137540000,本期淨利(淨損)
2016-12-31,2454,OperatingExpenses,19731270000,營業費用
2016-12-31,2454,EPS,3.23,基本每股盈餘（元）
2016-12-31,2454,PreTaxIncome,5567803000,稅前淨利（淨損）
2016-12-31,2454,IncomeFromContinuingOperations,5137539000,繼續營業單位本期淨利（淨損）
2016-12-31,2454,IncomeAfterTaxes,5137539000,本期淨利（淨損）
2016-12-31,2454,TotalConsolidatedProfitForThePeriod,16432292000,本期綜合損益總額
2016-12-31,2454,Revenue,68675426000,營業收入
2016-12-31,2454,CostOfGoodsSold,44962741000,營業成本
2016-12-31,2454,GrossProfit,23712685000,營業毛利（毛損）淨額
2016-12-31,2454,OperatingIncome,3981415000,營業利益（損失）
2016-12-31,2454,TotalNonoperatingIncomeAndExpense,1586388000,營業外收入及支出
2016-12-31,2454,TAX,430264000,所得稅費用（利益）
2016-12-31,2454,OtherComprehensiveIncome,11294753000,其他綜合損益（淨額）
2016-12-31,2454,EquityAttributableToOwnersOfParent,5046005000,淨利（淨損）歸屬於母公司業主
2016-12-31,2454,NoncontrollingInterests,91534000,淨利（淨損）歸屬於非控制權益
2017-03-31,2454,IncomeBeforeIncomeTax,7501110000,稅前淨利(淨損)
2017-03-31,2454,NetIncome,6639160000,本期淨利(淨損)
2017-03-31,2454,OperatingExpenses,17577718000,營業費用
2017-03-31,2454,EPS,4.29,基本每股盈餘（元）
2017-03-31,2454,PreTaxIncome,7501114000,稅前淨利（淨損）
2017-03-31,2454,IncomeFromContinuingOperations,6639157000,繼續營業單位本期淨利（淨損）
2017-03-31,2454,IncomeAfterTaxes,6639157000,本期淨利（淨損）
2017-03-31,2454,TotalConsolidatedProfitForThePeriod,5935715000,本期綜合損益總額
2017-03-31,2454,Revenue,56082721000,營業收入
2017-03-31,2454,CostOfGoodsSold,37293025000,營業成本
2017-03-31,2454,GrossProfit,18789696000,營業毛利（毛損）淨額
2017-03-31,2454,OperatingIncome,1211978000,營業利益（損失）
2017-03-31,2454,TotalNonoperatingIncomeAndExpense,6289136000,營業外收入及支出
2017-03-31,2454,TAX,861957000,所得稅費用（利益）
2017-03-31,2454,OtherComprehensiveIncome,-703442000,其他綜合損益（淨額）
2017-03-31,2454,EquityAttributableToOwnersOfParent,6702264000,淨利（淨損）歸屬於母公司業主
2017-03-31,2454,NoncontrollingInterests,-63107000,淨利（淨損）歸屬於非控制權益
2017-06-30,2454,IncomeBeforeIncomeTax,3380070000,稅前淨利(淨損)
2017-06-30,2454,NetIncome,2210260000,本期淨利(淨損)
2017-06-30,2454,OperatingExpenses,17971570000,營業費用
2017-06-30,2454,EPS,1.51,基本每股盈餘（元）
2017-06-30,2454,PreTaxIncome,3380065000,稅前淨利（淨損）
2017-06-30,2454,IncomeFromContinuingOperations,2210263000,繼續營業單位本期淨利（淨損）
2017-06-30,2454,IncomeAfterTaxes,2210263000,本期淨利（淨損）
2017-06-30,2454,TotalConsolidatedProfitForThePeriod,9918404000,本期綜合損益總額
2017-06-30,2454,Revenue,58078789000,營業收入
2017-06-30,2454,CostOfGoodsSold,37748989000,營業成本
2017-06-30,2454,GrossProfit,20329800000,營業毛利（毛損）淨額
2017-06-30,2454,OperatingIncome,2358230000,營業利益（損失）
2017-06-30,2454,TotalNonoperatingIncomeAndExpense,1021835000,營業外收入及支出
2017-06-30,2454,TAX,1169802000,所得稅費用（利益）
2017-06-30,2454,OtherComprehensiveIncome,7708141000,其他綜合損益（淨額）
2017-06-30,2454,EquityAttributableToOwnersOfParent,2367946000,淨利（淨損）歸屬於母公司業主
2017-06-30,2454,NoncontrollingInterests,-157683000,淨利（淨損）歸屬於非控制權益
2017-09-30,2454,IncomeBeforeIncomeTax,5621000000,稅前淨利(淨損)
2017-09-30,2454,NetIncome,5060530000,本期淨利(淨損)
2017-09-30,2454,OperatingExpenses,18223309000,營業費用
2017-09-30,2454,EPS,3.26,基本每股盈餘（元）
2017-09-30,2454,PreTaxIncome,5621003000,稅前淨利（淨損）
2017-09-30,2454,IncomeFromContinuingOperations,5060532000,繼續營業單位本期淨利（淨損）
2017-09-30,2454,IncomeAfterTaxes,5060532000,本期淨利（淨損）
2017-09-30,2454,TotalConsolidatedProfitForThePeriod,9966830000,本期綜合損益總額
2017-09-30,2454,Revenue,63651408000,營業收入
2017-09-30,2454,CostOfGoodsSold,40469079000,營業成本
2017-09-30,2454,GrossProfit,23182329000,營業毛利（毛損）淨額
2017-09-30,2454,OperatingIncome,4959020000,營業利益（損失）
2017-09-30,2454,TotalNonoperatingIncomeAndExpense,661983000,營業外收入及支出
2017-09-30,2454,TAX,560471000,所得稅費用（利益）
2017-09-30,2454,OtherComprehensiveIncome,4906298000,其他綜合損益（淨額）
2017-09-30,2454,EquityAttributableToOwnersOfParent,5102016000,淨利（淨損）歸屬於母公司業主
2017-09-30,2454,NoncontrollingInterests,-41484000,淨利（淨損）歸屬於非控制權益
2017-12-31,2454,IncomeBeforeIncomeTax,10735300000,稅前淨利(淨損)
2017-12-31,2454,NetIncome,10160100000,本期淨利(淨損)
2017-12-31,2454,OperatingExpenses,21294143000,營業費用
2017-12-31,2454,EPS,6.5,基本每股盈餘（元）
2017-12-31,2454,PreTaxIncome,10735281000,稅前淨利（淨損）
2017-12-31,2454,IncomeFromContinuingOperations,10160146000,繼續營業單位本期淨利（淨損）
2017-12-31,2454,IncomeAfterTaxes,10160146000,本期淨利（淨損）
2017-12-31,2454,TotalConsolidatedProfitForThePeriod,3512182000,本期綜合損益總額
2017-12-31,2454,Revenue,60403400000,營業收入
2017-12-31,2454,CostOfGoodsSold,37819343000,營業成本
2017-12-31,2454,GrossProfit,22584057000,營業毛利（毛損）淨額
2017-12-31,2454,OperatingIncome,1289914000,營業利益（損失）
2017-12-31,2454,TotalNonoperatingIncomeAndExpense,9445367000,營業外收入及支出
2017-12-31,2454,TAX,575135000,所得稅費用（利益）
2017-12-31,2454,OtherComprehensiveIncome,-6647964000,其他綜合損益（淨額）
2017-12-31,2454,EquityAttributableToOwnersOfParent,10160378000,淨利（淨損）歸屬於母公司業主
2017-12-31,2454,NoncontrollingInterests,-232000,淨利（淨損）歸屬於非控制權益
2018-03-31,2454,IncomeBeforeIncomeTax,3112510000,稅前淨利(淨損)
2018-03-31,2454,NetIncome,2660240000,本期淨利(淨損)
2018-03-31,2454,OperatingExpenses,17155247000,營業費用
2018-03-31,2454,TAX,452267000,所得稅費用（利益）
2018-03-31,2454,EPS,1.69,基本每股盈餘（元）
2018-03-31,2454,PreTaxIncome,3112511000,稅前淨利（淨損）
2018-03-31,2454,IncomeFromContinuingOperations,2660244000,繼續營業單位本期淨利（淨損）
2018-03-31,2454,IncomeAfterTaxes,2660244000,本期淨利（淨損）
2018-03-31,2454,TotalConsolidatedProfitForThePeriod,3627155000,本期綜合損益總額
2018-03-31,2454,Revenue,49653987000,營業收入
2018-03-31,2454,CostOfGoodsSold,30569299000,營業成本
2018-03-31,2454,GrossProfit,19084688000,營業毛利（毛損）淨額
2018-03-31,2454,OperatingIncome,1929441000,營業利益（損失）
2018-03-31,2454,TotalNonoperatingIncomeAndExpense,1183070000,營業外收入及支出
2018-03-31,2454,OtherComprehensiveIncome,966911000,其他綜合損益（淨額）
2018-03-31,2454,EquityAttributableToOwnersOfParent,2644868000,淨利（淨損）歸屬於母公司業主
2018-03-31,2454,NoncontrollingInterests,15376000,淨利（淨損）歸屬於非控制權益
2018-06-30,2454,IncomeBeforeIncomeTax,8757490000,稅前淨利(淨損)
2018-06-30,2454,NetIncome,7497670000,本期淨利(淨損)
2018-06-30,2454,OperatingExpenses,19020413000,營業費用
2018-06-30,2454,TAX,1259818000,所得稅費用（利益）
2018-06-30,2454,EPS,4.75,基本每股盈餘（元）
2018-06-30,2454,PreTaxIncome,8757490000,稅前淨利（淨損）
2018-06-30,2454,IncomeFromContinuingOperations,7497672000,繼續營業單位本期淨利（淨損）
2018-06-30,2454,IncomeAfterTaxes,7497672000,本期淨利（淨損）
2018-06-30,2454,TotalConsolidatedProfitForThePeriod,2998950000,本期綜合損益總額
2018-06-30,2454,Revenue,60481332000,營業收入
2018-06-30,2454,CostOfGoodsSold,37368587000,營業成本
2018-06-30,2454,GrossProfit,23112745000,營業毛利（毛損）淨額
2018-06-30,2454,OperatingIncome,4092332000,營業利益（損失）
2018-06-30,2454,TotalNonoperatingIncomeAndExpense,4665158000,營業外收入及支出
2018-06-30,2454,OtherComprehensiveIncome,-4498722000,其他綜合損益（淨額）
2018-06-30,2454,EquityAttributableToOwnersOfParent,7438324000,淨利（淨損）歸屬於母公司業主
2018-06-30,2454,NoncontrollingInterests,59348000,淨利（淨損）歸屬於非控制權益
2018-09-30,2454,IncomeBeforeIncomeTax,7651640000,稅前淨利(淨損)
2018-09-30,2454,NetIncome,6872230000,本期淨利(淨損)
2018-09-30,2454,OperatingExpenses,19514645000,營業費用
2018-09-30,2454,TAX,779406000,所得稅費用（利益）
2018-09-30,2454,EPS,4.4,基本每股盈餘（元）
2018-09-30,2454,PreTaxIncome,7651639000,稅前淨利（淨損）
2018-09-30,2454,IncomeFromContinuingOperations,6872233000,繼續營業單位本期淨利（淨損）
2018-09-30,2454,IncomeAfterTaxes,6872233000,本期淨利（淨損）
2018-09-30,2454,TotalConsolidatedProfitForThePeriod,11643420000,本期綜合損益總額
2018-09-30,2454,Revenue,67030146000,營業收入
2018-09-30,2454,CostOfGoodsSold,41205611000,營業成本
2018-09-30,2454,GrossProfit,25824535000,營業毛利（毛損）淨額
2018-09-30,2454,OperatingIncome,6309890000,營業利益（損失）
2018-09-30,2454,TotalNonoperatingIncomeAndExpense,1341749000,營業外收入及支出
2018-09-30,2454,OtherComprehensiveIncome,4771187000,其他綜合損益（淨額）
2018-09-30,2454,EquityAttributableToOwnersOfParent,6877449000,淨利（淨損）歸屬於母公司業主
2018-09-30,2454,NoncontrollingInterests,-5216000,淨利（淨損）歸屬於非控制權益
2018-12-31,2454,IncomeBeforeIncomeTax,4169840000,稅前淨利(淨損)
2018-12-31,2454,NetIncome,3752250000,本期淨利(淨損)
2018-12-31,2454,OperatingExpenses,19850907000,營業費用
2018-12-31,2454,TAX,417598000,所得稅費用（利益）
2018-12-31,2454,EPS,2.42,基本每股盈餘（元）
2018-12-31,2454,PreTaxIncome,4169845000,稅前淨利（淨損）
2018-12-31,2454,IncomeFromContinuingOperations,3752247000,繼續營業單位本期淨利（淨損）
2018-12-31,2454,IncomeAfterTaxes,3752247000,本期淨利（淨損）
2018-12-31,2454,TotalConsolidatedProfitForThePeriod,2591451000,本期綜合損益總額
2018-12-31,2454,Revenue,60891881000,營業收入
2018-12-31,2454,CostOfGoodsSold,37190161000,營業成本
2018-12-31,2454,GrossProfit,23701720000,營業毛利（毛損）淨額
2018-12-31,2454,OperatingIncome,3850813000,營業利益（損失）
2018-12-31,2454,TotalNonoperatingIncomeAndExpense,319032000,營業外收入及支出
2018-12-31,2454,OtherComprehensiveIncome,-1160796000,其他綜合損益（淨額）
2018-12-31,2454,EquityAttributableToOwnersOfParent,3799857000,淨利（淨損）歸屬於母公司業主
2018-12-31,2454,NoncontrollingInterests,-47610000,淨利（淨損）歸屬於非控制權益
2019-03-31,2454,IncomeBeforeIncomeTax,4004730000,稅前淨利(淨損)
2019-03-31,2454,NetIncome,3416020000,本期淨利(淨損)
2019-03-31,2454,OperatingExpenses,18304472000,營業費用
2019-03-31,2454,TAX,588709000,所得稅費用（利益）
2019-03-31,2454,EPS,2.17,基本每股盈餘（元）
2019-03-31,2454,PreTaxIncome,4004731000,稅前淨利（淨損）
2019-03-31,2454,IncomeFromContinuingOperations,3416022000,繼續營業單位本期淨利（淨損）
2019-03-31,2454,IncomeAfterTaxes,3416022000,本期淨利（淨損）
2019-03-31,2454,TotalConsolidatedProfitForThePeriod,12592773000,本期綜合損益總額
2019-03-31,2454,Revenue,52721892000,營業收入
2019-03-31,2454,CostOfGoodsSold,31248748000,營業成本
2019-03-31,2454,GrossProfit,21473144000,營業毛利（毛損）淨額
2019-03-31,2454,OperatingIncome,3168672000,營業利益（損失）
2019-03-31,2454,TotalNonoperatingIncomeAndExpense,836059000,營業外收入及支出
2019-03-31,2454,OtherComprehensiveIncome,9176751000,其他綜合損益（淨額）
2019-03-31,2454,EquityAttributableToOwnersOfParent,3405702000,淨利（淨損）歸屬於母公司業主
2019-03-31,2454,NoncontrollingInterests,10320000,淨利（淨損）歸屬於非控制權益
2019-06-30,2454,IncomeBeforeIncomeTax,8020570000,稅前淨利(淨損)
2019-06-30,2454,NetIncome,6502840000,本期淨利(淨損)
2019-06-30,2454,OperatingExpenses,19646774000,營業費用
2019-06-30,2454,TAX,1517730000,所得稅費用（利益）
2019-06-30,2454,EPS,4.11,基本每股盈餘（元）
2019-06-30,2454,PreTaxIncome,8020574000,稅前淨利（淨損）
2019-06-30,2454,IncomeFromContinuingOperations,6502844000,繼續營業單位本期淨利（淨損）
2019-06-30,2454,IncomeAfterTaxes,6502844000,本期淨利（淨損）
2019-06-30,2454,TotalConsolidatedProfitForThePeriod,15579272000,本期綜合損益總額
2019-06-30,2454,Revenue,61567106000,營業收入
2019-06-30,2454,CostOfGoodsSold,35777057000,營業成本
2019-06-30,2454,GrossProfit,25790049000,營業毛利（毛損）淨額
2019-06-30,2454,OperatingIncome,6143275000,營業利益（損失）
2019-06-30,2454,TotalNonoperatingIncomeAndExpense,1877299000,營業外收入及支出
2019-06-30,2454,OtherComprehensiveIncome,9076428000,其他綜合損益（淨額）
2019-06-30,2454,EquityAttributableToOwnersOfParent,6430120000,淨利（淨損）歸屬於母公司業主
2019-06-30,2454,NoncontrollingInterests,72724000,淨利（淨損）歸屬於非控制權益
2019-09-30,2454,IncomeBeforeIncomeTax,7946930000,稅前淨利(淨損)
2019-09-30,2454,NetIncome,6902380000,本期淨利(淨損)
2019-09-30,2454,OperatingExpenses,21260600000,營業費用
2019-09-30,2454,TAX,1044544000,所得稅費用（利益）
2019-09-30,2454,EPS,4.38,基本每股盈餘（元）
2019-09-30,2454,PreTaxIncome,7946925000,稅前淨利（淨損）
2019-09-30,2454,IncomeFromContinuingOperations,6902381000,繼續營業單位本期淨利（淨損）
2019-09-30,2454,IncomeAfterTaxes,6902381000,本期淨利（淨損）
2019-09-30,2454,TotalConsolidatedProfitForThePeriod,23261936000,本期綜合損益總額
2019-09-30,2454,Revenue,67224354000,營業收入
2019-09-30,2454,CostOfGoodsSold,38934446000,營業成本
2019-09-30,2454,GrossProfit,28289908000,營業毛利（毛損）淨額
2019-09-30,2454,OperatingIncome,7029308000,營業利益（損失）
2019-09-30,2454,TotalNonoperatingIncomeAndExpense,917617000,營業外收入及支出
2019-09-30,2454,OtherComprehensiveIncome,16359555000,其他綜合損益（淨額）
2019-09-30,2454,EquityAttributableToOwnersOfParent,6870577000,淨利（淨損）歸屬於母公司業主
2019-09-30,2454,NoncontrollingInterests,31804000,淨利（淨損）歸屬於非控制權益
2019-12-31,2454,IncomeBeforeIncomeTax,7055140000,稅前淨利(淨損)
2019-12-31,2454,NetIncome,6383060000,本期淨利(淨損)
2019-12-31,2454,OperatingExpenses,21266210000,營業費用
2019-12-31,2454,TAX,672076000,所得稅費用（利益）
2019-12-31,2454,EPS,4.03,基本每股盈餘（元）
2019-12-31,2454,PreTaxIncome,7055139000,稅前淨利（淨損）
2019-12-31,2454,IncomeFromContinuingOperations,6383063000,繼續營業單位本期淨利（淨損）
2019-12-31,2454,IncomeAfterTaxes,6383063000,本期淨利（淨損）
2019-12-31,2454,TotalConsolidatedProfitForThePeriod,1591352000,本期綜合損益總額
2019-12-31,2454,Revenue,64708379000,營業收入
2019-12-31,2454,CostOfGoodsSold,37215972000,營業成本
2019-12-31,2454,GrossProfit,27492407000,營業毛利（毛損）淨額
2019-12-31,2454,OperatingIncome,6226197000,營業利益（損失）
2019-12-31,2454,TotalNonoperatingIncomeAndExpense,828942000,營業外收入及支出
2019-12-31,2454,OtherComprehensiveIncome,-4791711000,其他綜合損益（淨額）
2019-12-31,2454,EquityAttributableToOwnersOfParent,6326322000,淨利（淨損）歸屬於母公司業主
2019-12-31,2454,NoncontrollingInterests,56741000,淨利（淨損）歸屬於非控制權益
2020-03-31,2454,OperatingExpenses,20434814000,營業費用
2020-03-31,2454,TAX,925775000,所得稅費用（利益）
2020-03-31,2454,EPS,3.64,基本每股盈餘（元）
2020-03-31,2454,PreTaxIncome,6730250000,稅前淨利（淨損）
2020-03-31,2454,IncomeFromContinuingOperations,5804475000,繼續營業單位本期淨利（淨損）
2020-03-31,2454,IncomeAfterTaxes,5804475000,本期淨利（淨損）
2020-03-31,2454,TotalConsolidatedProfitForThePeriod,13154165000,本期綜合損益總額
2020-03-31,2454,Revenue,60862975000,營業收入
2020-03-31,2454,CostOfGoodsSold,34625872000,營業成本
2020-03-31,2454,GrossProfit,26237103000,營業毛利（毛損）淨額
2020-03-31,2454,OperatingIncome,5802289000,營業利益（損失）
2020-03-31,2454,TotalNonoperatingIncomeAndExpense,927961000,營業外收入及支出
2020-03-31,2454,OtherComprehensiveIncome,7349690000,其他綜合損益（淨額）
2020-03-31,2454,EquityAttributableToOwnersOfParent,5715297000,淨利（淨損）歸屬於母公司業主
2020-03-31,2454,NoncontrollingInterests,89178000,淨利（淨損）歸屬於非控制權益
2020-06-30,2454,OperatingExpenses,21990886000,營業費用
2020-06-30,2454,TAX,1218557000,所得稅費用（利益）
2020-06-30,2454,EPS,4.58,基本每股盈餘（元）
2020-06-30,2454,PreTaxIncome,8528982000,稅前淨利（淨損）
2020-06-30,2454,IncomeFromContinuingOperations,7310425000,繼續營業單位本期淨利（淨損）
2020-06-30,2454,IncomeAfterTaxes,7310425000,本期淨利（淨損）
2020-06-30,2454,TotalConsolidatedProfitForThePeriod,11663844000,本期綜合損益總額
2020-06-30,2454,Revenue,67603053000,營業收入
2020-06-30,2454,CostOfGoodsSold,38196516000,營業成本
2020-06-30,2454,GrossProfit,29406537000,營業毛利（毛損）淨額
2020-06-30,2454,OperatingIncome,7415651000,營業利益（損失）
2020-06-30,2454,TotalNonoperatingIncomeAndExpense,1113331000,營業外收入及支出
2020-06-30,2454,OtherComprehensiveIncome,4353419000,其他綜合損益（淨額）
2020-06-30,2454,EquityAttributableToOwnersOfParent,7203948000,淨利（淨損）歸屬於母公司業主
2020-06-30,2454,NoncontrollingInterests,106477000,淨利（淨損）歸屬於非控制權益
2020-09-30,2454,OperatingExpenses,28399972000,營業費用
2020-09-30,2454,TAX,2065545000,所得稅費用（利益）
2020-09-30,2454,EPS,8.43,基本每股盈餘（元）
2020-09-30,2454,PreTaxIncome,15432093000,稅前淨利（淨損）
2020-09-30,2454,IncomeFromContinuingOperations,13366548000,繼續營業單位本期淨利（淨損）
2020-09-30,2454,IncomeAfterTaxes,13366548000,本期淨利（淨損）
2020-09-30,2454,TotalConsolidatedProfitForThePeriod,14443252000,本期綜合損益總額
2020-09-30,2454,Revenue,97274734000,營業收入
2020-09-30,2454,CostOfGoodsSold,54246316000,營業成本
2020-09-30,2454,GrossProfit,43028418000,營業毛利（毛損）淨額
2020-09-30,2454,OperatingIncome,14628446000,營業利益（損失）
2020-09-30,2454,TotalNonoperatingIncomeAndExpense,803647000,營業外收入及支出
2020-09-30,2454,OtherComprehensiveIncome,1076704000,其他綜合損益（淨額）
2020-09-30,2454,EquityAttributableToOwnersOfParent,13251148000,淨利（淨損）歸屬於母公司業主
2020-09-30,2454,NoncontrollingInterests,115400000,淨利（淨損）歸屬於非控制權益
2020-12-31,2454,OperatingExpenses,27490605000,營業費用
2020-12-31,2454,TAX,1934236000,所得稅費用（利益）
2020-12-31,2454,EPS,9.36,基本每股盈餘（元）
2020-12-31,2454,PreTaxIncome,16891361000,稅前淨利（淨損）
2020-12-31,2454,IncomeFromContinuingOperations,14957125000,繼續營業單位本期淨利（淨損）
2020-12-31,2454,IncomeAfterTaxes,14957125000,本期淨利（淨損）
2020-12-31,2454,TotalConsolidatedProfitForThePeriod,33318120000,本期綜合損益總額
2020-12-31,2454,Revenue,96405226000,營業收入
2020-12-31,2454,CostOfGoodsSold,53541768000,營業成本
2020-12-31,2454,GrossProfit,42863458000,營業毛利（毛損）淨額
2020-12-31,2454,OperatingIncome,15372853000,營業利益（損失）
2020-12-31,2454,TotalNonoperatingIncomeAndExpense,1518508000,營業外收入及支出
2020-12-31,2454,OtherComprehensiveIncome,18360995000,其他綜合損益（淨額）
2020-12-31,2454,EquityAttributableToOwnersOfParent,14746407000,淨利（淨損）歸屬於母公司業主
2020-12-31,2454,NoncontrollingInterests,210718000,淨利（淨損）歸屬於非控制權益
2021-03-31,2454,OperatingExpenses,28322486000,營業費用
2021-03-31,2454,TAX,3298410000,所得稅費用（利益）
2021-03-31,2454,EPS,16.21,基本每股盈餘（元）
2021-03-31,2454,PreTaxIncome,29075654000,稅前淨利（淨損）
2021-03-31,2454,IncomeFromContinuingOperations,25777244000,繼續營業單位本期淨利（淨損）
2021-03-31,2454,IncomeAfterTaxes,25777244000,本期淨利（淨損）
2021-03-31,2454,TotalConsolidatedProfitForThePeriod,39318004000,本期綜合損益總額
2021-03-31,2454,Revenue,108032982000,營業收入
2021-03-31,2454,CostOfGoodsSold,59512598000,營業成本
2021-03-31,2454,OperatingIncome,20197898000,營業利益（損失）
2021-03-31,2454,TotalNonoperatingIncomeAndExpense,8877756000,營業外收入及支出
2021-03-31,2454,OtherComprehensiveIncome,13540760000,其他綜合損益（淨額）
2021-03-31,2454,EquityAttributableToOwnersOfParent,39110468000,綜合損益總額歸屬於母公司業主
2021-03-31,2454,NoncontrollingInterests,207536000,綜合損益總額歸屬於非控制權益
2021-03-31,2454,GrossProfit,48520384000,營業毛利（毛損）
2021-06-30,2454,OperatingExpenses,29204123000,營業費用
2021-06-30,2454,TAX,4000464000,所得稅費用（利益）
2021-06-30,2454,PreTaxIncome,31587102000,稅前淨利（淨損）
2021-06-30,2454,IncomeFromContinuingOperations,27586638000,繼續營業單位本期淨利（淨損）
2021-06-30,2454,IncomeAfterTaxes,27586638000,本期淨利（淨損）
2021-06-30,2454,TotalConsolidatedProfitForThePeriod,32439801000,本期綜合損益總額
2021-06-30,2454,Revenue,125653403000,營業收入
2021-06-30,2454,CostOfGoodsSold,67614966000,營業成本
2021-06-30,2454,OperatingIncome,28834314000,營業利益（損失）
2021-06-30,2454,TotalNonoperatingIncomeAndExpense,2752788000,營業外收入及支出
2021-06-30,2454,OtherComprehensiveIncome,4853163000,其他綜合損益（淨額）
2021-06-30,2454,EquityAttributableToOwnersOfParent,32376528000,綜合損益總額歸屬於母公司業主
2021-06-30,2454,NoncontrollingInterests,63273000,綜合損益總額歸屬於非控制權益
2021-06-30,2454,EPS,17.44,基本每股盈餘（元）
2021-06-30,2454,GrossProfit,58038437000,營業毛利（毛損）
2021-09-30,2454,OperatingExpenses,31929216000,營業費用
2021-09-30,2454,TAX,3828825000,所得稅費用（利益）
2021-09-30,2454,EPS,17.92,基本每股盈餘（元）
2021-09-30,2454,PreTaxIncome,32189976000,稅前淨利（淨損）
2021-09-30,2454,IncomeFromContinuingOperations,28361151000,繼續營業單位本期淨利（淨損）
2021-09-30,2454,IncomeAfterTaxes,28361151000,本期淨利（淨損）
2021-09-30,2454,TotalConsolidatedProfitForThePeriod,10443254000,本期綜合損益總額
2021-09-30,2454,Revenue,131074320000,營業收入
2021-09-30,2454,CostOfGoodsSold,69858213000,營業成本
2021-09-30,2454,OperatingIncome,29286891000,營業利益（損失）
2021-09-30,2454,TotalNonoperatingIncomeAndExpense,2903085000,營業外收入及支出
2021-09-30,2454,OtherComprehensiveIncome,-17917897000,其他綜合損益（淨額）
2021-09-30,2454,GrossProfit,61216107000,營業毛利（毛損）淨額
2021-09-30,2454,EquityAttributableToOwnersOfParent,28287255000,淨利（淨損）歸屬於母公司業主
2021-09-30,2454,NoncontrollingInterests,73896000,淨利（淨損）歸屬於非控制權益
2021-12-31,2454,OperatingExpenses,34108536000,營業費用
2021-12-31,2454,TAX,3851821000,所得稅費用（利益）
2021-12-31,2454,PreTaxIncome,33999321000,稅前淨利（淨損）
2021-12-31,2454,IncomeFromContinuingOperations,30147500000,繼續營業單位本期淨利（淨損）
2021-12-31,2454,IncomeAfterTaxes,30147500000,本期淨利（淨損）
2021-12-31,2454,TotalConsolidatedProfitForThePeriod,33475675000,本期綜合損益總額
2021-12-31,2454,Revenue,128653877000,營業收入
2021-12-31,2454,CostOfGoodsSold,64824210000,營業成本
2021-12-31,2454,OperatingIncome,29721131000,營業利益（損失）
2021-12-31,2454,TotalNonoperatingIncomeAndExpense,4278190000,營業外收入及支出
2021-12-31,2454,OtherComprehensiveIncome,3328175000,其他綜合損益（淨額）
2021-12-31,2454,EPS,18.99,基本每股盈餘（元）
2021-12-31,2454,GrossProfit,63829667000,營業毛利（毛損）淨額
2021-12-31,2454,EquityAttributableToOwnersOfParent,30050902000,淨利（淨損）歸屬於母公司業主
2021-12-31,2454,NoncontrollingInterests,96598000,淨利（淨損）歸屬於非控制權益
2022-03-31,2454,OperatingExpenses,35316171000,營業費用
2022-03-31,2454,TAX,4556847000,所得稅費用（利益）
2022-03-31,2454,EPS,21.02,基本每股盈餘（元）
2022-03-31,2454,PreTaxIncome,37970104000,稅前淨利（淨損）
2022-03-31,2454,IncomeFromContinuingOperations,33413257000,繼續營業單位本期淨利（淨損）
2022-03-31,2454,IncomeAfterTaxes,33413257000,本期淨利（淨損）
2022-03-31,2454,TotalConsolidatedProfitForThePeriod,21241768000,本期綜合損益總額
2022-03-31,2454,Revenue,142710849000,營業收入
2022-03-31,2454,CostOfGoodsSold,70927474000,營業成本
2022-03-31,2454,OperatingIncome,36467204000,營業利益（損失）
2022-03-31,2454,TotalNonoperatingIncomeAndExpense,1502900000,營業外收入及支出
2022-03-31,2454,OtherComprehensiveIncome,-12171489000,其他綜合損益（淨額）
2022-03-31,2454,GrossProfit,71783375000,營業毛利（毛損）淨額
2022-03-31,2454,EquityAttributableToOwnersOfParent,33261383000,淨利（淨損）歸屬於母公司業主
2022-03-31,2454,NoncontrollingInterests,151874000,淨利（淨損）歸屬於非控制權益
2022-06-30,2454,OperatingExpenses,37583322000,營業費用
2022-06-30,2454,TAX,5325314000,所得稅費用（利益）
2022-06-30,2454,EPS,22.38,基本每股盈餘（元）
2022-06-30,2454,PreTaxIncome,40937315000,稅前淨利（淨損）
2022-06-30,2454,IncomeFromContinuingOperations,35612001000,繼續營業單位本期淨利（淨損）
2022-06-30,2454,IncomeAfterTaxes,35612001000,本期淨利（淨損）
2022-06-30,2454,TotalConsolidatedProfitForThePeriod,39889810000,本期綜合損益總額
2022-06-30,2454,Revenue,155729821000,營業收入
2022-06-30,2454,CostOfGoodsSold,78965536000,營業成本
2022-06-30,2454,OperatingIncome,39180963000,營業利益（損失）
2022-06-30,2454,TotalNonoperatingIncomeAndExpense,1756352000,營業外收入及支出
2022-06-30,2454,OtherComprehensiveIncome,4277809000,其他綜合損益（淨額）
2022-06-30,2454,EquityAttributableToOwnersOfParent,39721946000,綜合損益總額歸屬於母公司業主
2022-06-30,2454,NoncontrollingInterests,167864000,綜合損益總額歸屬於非控制權益
2022-06-30,2454,GrossProfit,76764285000,營業毛利（毛損）
2022-09-30,2454,OperatingExpenses,37041379000,營業費用
2022-09-30,2454,TAX,4511127000,所得稅費用（利益）
2022-09-30,2454,PreTaxIncome,35596488000,稅前淨利（淨損）
2022-09-30,2454,IncomeFromContinuingOperations,31085361000,繼續營業單位本期淨利（淨損）
2022-09-30,2454,IncomeAfterTaxes,31085361000,本期淨利（淨損）
2022-09-30,2454,TotalConsolidatedProfitForThePeriod,34009094000,本期綜合損益總額
2022-09-30,2454,Revenue,142161276000,營業收入
2022-09-30,2454,CostOfGoodsSold,72065867000,營業成本
2022-09-30,2454,OperatingIncome,33054030000,營業利益（損失）
2022-09-30,2454,TotalNonoperatingIncomeAndExpense,2542458000,營業外收入及支出
2022-09-30,2454,OtherComprehensiveIncome,2923733000,其他綜合損益（淨額）
2022-09-30,2454,EPS,19.55,基本每股盈餘（元）
2022-09-30,2454,GrossProfit,70095409000,營業毛利（毛損）淨額
2022-09-30,2454,EquityAttributableToOwnersOfParent,30954628000,淨利（淨損）歸屬於母公司業主
2022-09-30,2454,NoncontrollingInterests,130733000,淨利（淨損）歸屬於非控制權益
2022-12-31,2454,OperatingExpenses,34175111000,營業費用
2022-12-31,2454,TAX,2542934000,所得稅費用（利益）
2022-12-31,2454,EPS,11.64,基本每股盈餘（元）
2022-12-31,2454,PreTaxIncome,21057336000,稅前淨利（淨損）
2022-12-31,2454,IncomeFromContinuingOperations,18514402000,繼續營業單位本期淨利（淨損）
2022-12-31,2454,IncomeAfterTaxes,18514402000,本期淨利（淨損）
2022-12-31,2454,TotalConsolidatedProfitForThePeriod,14273343000,本期綜合損益總額
2022-12-31,2454,Revenue,108194084000,營業收入
2022-12-31,2454,CostOfGoodsSold,55932718000,營業成本
2022-12-31,2454,OperatingIncome,18086255000,營業利益（損失）
2022-12-31,2454,TotalNonoperatingIncomeAndExpense,2971081000,營業外收入及支出
2022-12-31,2454,OtherComprehensiveIncome,-4241059000,其他綜合損益（淨額）
2022-12-31,2454,GrossProfit,52261366000,營業毛利（毛損）淨額
2022-12-31,2454,EquityAttributableToOwnersOfParent,18488077000,淨利（淨損）歸屬於母公司業主
2022-12-31,2454,NoncontrollingInterests,26325000,淨利（淨損）歸屬於非控制權益
2023-03-31,2454,OperatingExpenses,31543480000,營業費用
2023-03-31,2454,TAX,2213280000,所得稅費用（利益）
2023-03-31,2454,EPS,10.64,基本每股盈餘（元）
2023-03-31,2454,PreTaxIncome,19103771000,稅前淨利（淨損）
2023-03-31,2454,IncomeFromContinuingOperations,16890491000,繼續營業單位本期淨利（淨損）
2023-03-31,2454,IncomeAfterTaxes,16890491000,本期淨利（淨損）
2023-03-31,2454,TotalConsolidatedProfitForThePeriod,17341076000,本期綜合損益總額
2023-03-31,2454,Revenue,95651513000,營業收入
2023-03-31,2454,CostOfGoodsSold,49739271000,營業成本
2023-03-31,2454,OperatingIncome,14368762000,營業利益（損失）
2023-03-31,2454,TotalNonoperatingIncomeAndExpense,4735009000,營業外收入及支出
2023-03-31,2454,OtherComprehensiveIncome,450585000,其他綜合損益（淨額）
2023-03-31,2454,GrossProfit,45912242000,營業毛利（毛損）淨額
2023-03-31,2454,EquityAttributableToOwnersOfParent,16873549000,淨利（淨損）歸屬於母公司業主
2023-03-31,2454,NoncontrollingInterests,16942000,淨利（淨損）歸屬於非控制權益
2023-06-30,2454,OperatingExpenses,31895512000,營業費用
2023-06-30,2454,TAX,2351345000,所得稅費用（利益）
2023-06-30,2454,EPS,10.07,基本每股盈餘（元）
2023-06-30,2454,PreTaxIncome,18370169000,稅前淨利（淨損）
2023-06-30,2454,IncomeFromContinuingOperations,16018824000,繼續營業單位本期淨利（淨損）
2023-06-30,2454,IncomeAfterTaxes,16018824000,本期淨利（淨損）
2023-06-30,2454,TotalConsolidatedProfitForThePeriod,26225406000,本期綜合損益總額
2023-06-30,2454,Revenue,98135284000,營業收入
2023-06-30,2454,CostOfGoodsSold,51489222000,營業成本
2023-06-30,2454,OperatingIncome,14750550000,營業利益（損失）
2023-06-30,2454,TotalNonoperatingIncomeAndExpense,3619619000,營業外收入及支出
2023-06-30,2454,OtherComprehensiveIncome,10206582000,其他綜合損益（淨額）
2023-06-30,2454,GrossProfit,46646062000,營業毛利（毛損）淨額
2023-06-30,2454,EquityAttributableToOwnersOfParent,15964792000,淨利（淨損）歸屬於母公司業主
2023-06-30,2454,NoncontrollingInterests,54032000,淨利（淨損）歸屬於非控制權益
2023-09-30,2454,OperatingExpenses,34247876000,營業費用
2023-09-30,2454,TAX,2424450000,所得稅費用（利益）
2023-09-30,2454,EPS,11.64,基本每股盈餘（元）
2023-09-30,2454,PreTaxIncome,20992964000,稅前淨利（淨損）
2023-09-30,2454,IncomeFromContinuingOperations,18568514000,繼續營業單位本期淨利（淨損）
2023-09-30,2454,IncomeAfterTaxes,18568514000,本期淨利（淨損）
2023-09-30,2454,TotalConsolidatedProfitForThePeriod,28061240000,本期綜合損益總額
2023-09-30,2454,Revenue,110097528000,營業收入
2023-09-30,2454,CostOfGoodsSold,57905182000,營業成本
2023-09-30,2454,OperatingIncome,17944470000,營業利益（損失）
2023-09-30,2454,TotalNonoperatingIncomeAndExpense,3048494000,營業外收入及支出
2023-09-30,2454,OtherComprehensiveIncome,9492726000,其他綜合損益（淨額）
2023-09-30,2454,EquityAttributableToOwnersOfParent,27954441000,綜合損益總額歸屬於母公司業主
2023-09-30,2454,NoncontrollingInterests,106799000,綜合損益總額歸屬於非控制權益
2023-09-30,2454,GrossProfit,52192346000,營業毛利（毛損）
2023-12-31,2454,OperatingExpenses,37880664000,營業費用
2023-12-31,2454,TAX,2602423000,所得稅費用（利益）
2023-12-31,2454,PreTaxIncome,28315538000,稅前淨利（淨損）
2023-12-31,2454,IncomeFromContinuingOperations,25713115000,繼續營業單位本期淨利（淨損）
2023-12-31,2454,IncomeAfterTaxes,25713115000,本期淨利（淨損）
2023-12-31,2454,TotalConsolidatedProfitForThePeriod,12346097000,本期綜合損益總額
2023-12-31,2454,Revenue,129562005000,營業收入
2023-12-31,2454,CostOfGoodsSold,66945617000,營業成本
2023-12-31,2454,OperatingIncome,24735724000,營業利益（損失）
2023-12-31,2454,TotalNonoperatingIncomeAndExpense,3579814000,營業外收入及支出
2023-12-31,2454,OtherComprehensiveIncome,-13367018000,其他綜合損益（淨額）
2023-12-31,2454,EquityAttributableToOwnersOfParent,12312627000,綜合損益總額歸屬於母公司業主
2023-12-31,2454,NoncontrollingInterests,33470000,綜合損益總額歸屬於非控制權益
2023-12-31,2454,EPS,16.16,基本每股盈餘（元）
2023-12-31,2454,GrossProfit,62616388000,營業毛利（毛損）
2024-03-31,2454,OperatingExpenses,37720666000,營業費用
2024-03-31,2454,TAX,4014816000,所得稅費用（利益）
2024-03-31,2454,EPS,19.85,基本每股盈餘（元）
2024-03-31,2454,PreTaxIncome,35669623000,稅前淨利（淨損）
2024-03-31,2454,IncomeFromContinuingOperations,31654807000,繼續營業單位本期淨利（淨損）
2024-03-31,2454,IncomeAfterTaxes,31654807000,本期淨利（淨損）
2024-03-31,2454,TotalConsolidatedProfitForThePeriod,48752314000,本期綜合損益總額
2024-03-31,2454,Revenue,133458147000,營業收入
2024-03-31,2454,CostOfGoodsSold,63557617000,營業成本
2024-03-31,2454,OperatingIncome,32179864000,營業利益（損失）
2024-03-31,2454,TotalNonoperatingIncomeAndExpense,3489759000,營業外收入及支出
2024-03-31,2454,OtherComprehensiveIncome,17097507000,其他綜合損益（淨額）
2024-03-31,2454,NoncontrollingInterests,119154000,淨利（淨損）歸屬於非控制權益
2024-03-31,2454,ComprehensiveIncomeConsolidatedNetIncomeAttributedNonControllingInterest,132335000,綜合損益總額歸屬於非控制權益
2024-03-31,2454,EquityAttributableToOwnersOfParent,48619979000,綜合損益總額歸屬於母公司業主
2024-03-31,2454,GrossProfit,69900530000,營業毛利（毛損）
2024-06-30,2454,OperatingExpenses,37180406000,營業費用
2024-06-30,2454,TAX,3242162000,所得稅費用（利益）
2024-06-30,2454,PreTaxIncome,29197348000,稅前淨利（淨損）
2024-06-30,2454,IncomeFromContinuingOperations,25955186000,繼續營業單位本期淨利（淨損）
2024-06-30,2454,IncomeAfterTaxes,25955186000,本期淨利（淨損）
2024-06-30,2454,TotalConsolidatedProfitForThePeriod,15428162000,本期綜合損益總額
2024-06-30,2454,Revenue,127271121000,營業收入
2024-06-30,2454,CostOfGoodsSold,65134699000,營業成本
2024-06-30,2454,OperatingIncome,24956016000,營業利益（損失）
2024-06-30,2454,TotalNonoperatingIncomeAndExpense,4241332000,營業外收入及支出
2024-06-30,2454,OtherComprehensiveIncome,-10527024000,其他綜合損益（淨額）
2024-06-30,2454,ComprehensiveIncomeConsolidatedNetIncomeAttributedNonControllingInterest,248755000,綜合損益總額歸屬於非控制權益
2024-06-30,2454,NoncontrollingInterests,239666000,淨利（淨損）歸屬於非控制權益
2024-06-30,2454,EPS,16.19,基本每股盈餘（元）
2024-06-30,2454,GrossProfit,62136422000,營業毛利（毛損）淨額
2024-06-30,2454,EquityAttributableToOwnersOfParent,25715520000,淨利（淨損）歸屬於母公司業主
2024-09-30,2454,OperatingExpenses,40483455000,營業費用
2024-09-30,2454,TAX,2851251000,所得稅費用（利益）
2024-09-30,2454,PreTaxIncome,28440994000,稅前淨利（淨損）
2024-09-30,2454,IncomeFromContinuingOperations,25589743000,繼續營業單位本期淨利（淨損）
2024-09-30,2454,IncomeAfterTaxes,25589743000,本期淨利（淨損）
2024-09-30,2454,TotalConsolidatedProfitForThePeriod,30447378000,本期綜合損益總額
2024-09-30,2454,Revenue,131813494000,營業收入
2024-09-30,2454,CostOfGoodsSold,67465873000,營業成本
2024-09-30,2454,OperatingIncome,23864166000,營業利益（損失）
2024-09-30,2454,TotalNonoperatingIncomeAndExpense,4576828000,營業外收入及支出
2024-09-30,2454,OtherComprehensiveIncome,4857635000,其他綜合損益（淨額）
2024-09-30,2454,NoncontrollingInterests,243461000,淨利（淨損）歸屬於非控制權益
2024-09-30,2454,ComprehensiveIncomeConsolidatedNetIncomeAttributedNonControllingInterest,257143000,綜合損益總額歸屬於非控制權益
2024-09-30,2454,EquityAttributableToOwnersOfParent,30190235000,綜合損益總額歸屬於母公司業主
2024-09-30,2454,EPS,15.94,基本每股盈餘（元）
2024-09-30,2454,GrossProfit,64347621000,營業毛利（毛損）
2024-12-31,2454,OperatingExpenses,45589207000,營業費用
2024-12-31,2454,TAX,2269928000,所得稅費用（利益）
2024-12-31,2454,PreTaxIncome,26210815000,稅前淨利（淨損）
2024-12-31,2454,IncomeFromContinuingOperations,23940887000,繼續營業單位本期淨利（淨損）
2024-12-31,2454,IncomeAfterTaxes,23940887000,本期淨利（淨損）
2024-12-31,2454,TotalConsolidatedProfitForThePeriod,27708414000,本期綜合損益總額
2024-12-31,2454,Revenue,138043124000,營業收入
2024-12-31,2454,CostOfGoodsSold,71041996000,營業成本
2024-12-31,2454,OperatingIncome,21411921000,營業利益（損失）
2024-12-31,2454,TotalNonoperatingIncomeAndExpense,4798894000,營業外收入及支出
2024-12-31,2454,OtherComprehensiveIncome,3767527000,其他綜合損益（淨額）
2024-12-31,2454,NoncontrollingInterests,151764000,淨利（淨損）歸屬於非控制權益
2024-12-31,2454,ComprehensiveIncomeConsolidatedNetIncomeAttributedNonControllingInterest,142430000,綜合損益總額歸屬於非控制權益
2024-12-31,2454,EquityAttributableToOwnersOfParent,27565984000,綜合損益總額歸屬於母公司業主
2024-12-31,2454,EPS,14.94,基本每股盈餘（元）
2024-12-31,2454,GrossProfit,67001128000,營業毛利（毛損）
2025-03-31,2454,OperatingExpenses,43756201000,營業費用
2025-03-31,2454,TAX,5024263000,所得稅費用（利益）
2025-03-31,2454,EPS,18.43,基本每股盈餘（元）
2025-03-31,2454,PreTaxIncome,34553192000,稅前淨利（淨損）
2025-03-31,2454,IncomeFromContinuingOperations,29528929000,繼續營業單位本期淨利（淨損）
2025-03-31,2454,IncomeAfterTaxes,29528929000,本期淨利（淨損）
2025-03-31,2454,TotalConsolidatedProfitForThePeriod,30678216000,本期綜合損益總額
2025-03-31,2454,Revenue,153312237000,營業收入
2025-03-31,2454,CostOfGoodsSold,79502745000,營業成本
2025-03-31,2454,OperatingIncome,30053291000,營業利益（損失）
2025-03-31,2454,TotalNonoperatingIncomeAndExpense,4499901000,營業外收入及支出
2025-03-31,2454,OtherComprehensiveIncome,1149287000,其他綜合損益（淨額）
2025-03-31,2454,ComprehensiveIncomeConsolidatedNetIncomeAttributedNonControllingInterest,221410000,綜合損益總額歸屬於非控制權益
2025-03-31,2454,NoncontrollingInterests,204016000,淨利（淨損）歸屬於非控制權益
2025-03-31,2454,GrossProfit,73809492000,營業毛利（毛損）淨額
2025-03-31,2454,EquityAttributableToOwnersOfParent,29324913000,淨利（淨損）歸屬於母公司業主